1467,挽回中能让女生倒追，靠这4步！,2020-01-06
1466,仅3招就可以让你挽回，你学还是不学？,2020-01-11
1465,挽回成功的经验表明，要提前知道这5点,2020-01-16
1464,极速挽回干货！短短10天成功挽回异地变心的她,2019-12-31
1463,详解挽回爱情最全攻略，成功率高达97.6%,2019-12-13
1462,挽回：那个口口声声说要改变的你，现在是什么样子,2019-12-29
1461,不会聊天导致分手，教你如何快速挽回,2020-01-02
1460,不懂女生分手后的心思已经够惨，不懂这三招更惨,2020-01-03
1459,史上最全真性分手与假性分手挽回策略！,2019-12-15
1458,成功挽回女友，靠的竟然是“1条语音”？,2019-12-09
1457,女友坚决分手，幸好用这4招挽回了她,2019-12-11
1456,女友说不合适要分手时，教你4个妙招解决,2019-12-19
1455,分手后过度纠缠，如何逆转乾坤，让死心的她重回怀抱,2019-12-18
1454,被分手痛苦难耐？教你三周快速挽回,2020-01-08
1453,分手被拉黑，做了这四点，20天内挽回成功,2019-12-22
1452,分手决绝？4大技巧教你轻松挽回她,2020-01-04
1451,挽回不了她？切记！不要用这3种错误方式,2020-01-14
1450,不知道这5个挽回技巧，她永远都不会原谅你,2020-01-15
1449,「拉黑，异地，新欢」成功率99.7%逆袭挽回技巧,2019-12-27
1448,打电话给她总是爱搭不理，该如何挽回？,2019-12-18
1447,女友分手后对你爱搭不理，那是因为你没有做这件事！,2020-01-14
1446,从被甩到让女生倒追，谨记这4项挽回的关键！,2019-12-19
1445,女友觉得在一起很累，成功率99.8%的挽回技巧,2020-01-09
1444,100%不分手的长期相处心法，早点知道就不会分手,2020-01-16
1443,掌握这3招，没有无法挽回的分手死局,2019-12-29
1442,一击逆转分手关系，快速挽回女友,2019-12-21
1441,针对女友坚决分手，教你 1招速效挽回,2020-01-14
1440,不掌握这3个挽回绝招，她可能永远都不会理你,2019-12-10
1439,复合率最高的挽回方法，只要你敢用这招,2019-12-17
1438,用这4步挽回秘籍，让女孩主动求复合,2020-01-10
1437,之前只学到些皮毛？详解挽回中的四种正确姿势,2019-12-23
1436,女友说在一起太累，成功率高达99.8%的挽回技巧,2020-01-18
1435,对她好却不接受，4步教你极速挽回感情,2020-01-11
1434,男人容易踩中的6个分手雷区，看你中了几个,2019-12-24
1433,分手很后悔怎么办？教你挽回成功率99.8%的方法,2020-01-02
1432,「情绪价值」挽回爱情，最重要的几个情绪阶段，你懂么？,2020-01-04
1431,「挽回概论」挽回前任，方法指南,2020-01-15
1430,「挽回雷区」挽回不能碰的五个雷区,2019-12-31
1429,「挽回四步曲」跟前女友感情复燃就靠它！,2019-12-23
1428,快速哄好女友的秘诀，就是这样1条微信,2020-01-21
1427,「绝招 」异地恋女友有了新欢，一招让她重回我身边,2019-12-23
1426,「秘诀 」用好这三大挽回秘诀，18天挽回死心女友,2020-01-12
1425,为什么你这么急于要跟她重新在一起？,2019-12-23
1424,27天快速挽回，成功率99%的复合技巧,2019-12-17
1423,导致分手的主要原因，90%的男人还不懂！,2019-12-27
1422,各种类型分手的解决之道，相当实用！,2019-12-11
1421,想让女生再次爱上你，这个套路别用错了,2019-12-29
1420,分手后过激行为使女生恐惧，4招能让她回心转意,2020-01-17
1419,性格不合分手，看懂这篇文章，想不挽回都难,2020-01-03
1418,女友不乖还爱分手？会了这三招药到病除,2020-01-01
1417,4个挽回小技巧让你粉碎她的“我们不合适”！,2019-12-19
1416,为什么你的挽回没有效果？因为你踩了这七个误区！,2020-01-17
1415,她说：“跟你在一起太累”，这样做速效挽回,2020-01-05
1414,「案例解析」教你避开错误方法，做到4点快速挽回,2020-01-05
1413,学会这样的挽回方法，再也不愁心爱的她不理你,2020-01-03
1412,她说“我们不合适，分手吧”用这四招让她主动求复合,2020-01-13
1411,永久吸引女人的秘诀，高手都是这样做的..,2019-12-07
1410,女生说不合适时，用这3个妙招恢复好感,2019-12-26
1409,只要抓住她的需求感，挽回成功率直升99%,2020-01-20
1408,教你6步摸透她的心理变化，轻松愉快的挽回她,2019-12-28
1407,仅仅用了4个挽回技巧，女友居然主动找我和好了,2019-12-19
1406,分手挽回最聪明的做法不是纠缠，而是……,2019-12-29
1405,分手后死缠烂打的四宗罪，你中了几条？,2019-12-20
1404,情商低的怪咖，如何挽回爱情？,2019-12-11
1403,高阶操作，五步挽回前女友,2020-01-05
1402,分手后如何挽回？学会这些你将不求人,2019-12-09
1401,为什么这种情况下千万不能复合？,2020-01-21
1400,哪有挽回不了的男人，这些狠招你用过几个？,2020-01-13
1399,「快速挽回技巧」逆转局面留住爱的人,2019-12-08
1398,解决这3个心态问题，挽回成功率突破9成,2020-01-07
1397,「分手后要做的事」如何挽回前女友，做最佳“前”男友？,2019-12-30
1396,「挽回建议」挽回女友的六大高效挽回方法,2020-01-01
1395,「情感维系」预防分手，比挽回更重要,2019-12-30
1394,「分手判别及对应措施」真性分手和假性分手的应对方法,2019-12-28
1393,「深度解读」为什么你的技巧，挽回不了爱情？,2019-12-12
1392,「挽回技巧」微信被拉黑？4招让她乖乖回来,2020-01-01
1391,「快速挽回」步步为营，用我们的六步法可以快速挽回真爱,2019-12-28
1390,终极挽回“必杀技”，绝情的他哭着回来！,2020-01-16
1389,你该如何去挽回一个男友的心,2020-01-11
1388,分手了，如何体面挽回呢,2019-12-15
1387,挽回这招最戳男人心，他再冷漠也会发疯似的挽回你,2020-01-16
1386,这招最吊男人心，换他来主动挽回你,2019-12-07
1385,拒绝卑微讨好，只用三招让男人主动认错求和,2020-01-15
1384,教你四招挽回技巧，让他发了疯的回来找你,2019-12-19
1383,为什么女生越挽回男生越抵抗,2020-01-17
