1962,情商低，不懂得讨女孩子喜欢，需要怎么改进？,2019-12-29
1961,追女孩常犯的错误有那些？,2019-12-10
1960,我很普通，不高、不帅，能让漂亮的女生喜欢我吗？,2019-12-13
1959,追女生做哪些事一定是错的？,2019-12-14
1958,女生会被什么样的男生吸引？,2019-12-07
1957,男人靠什么吸引妹子，如何打开女生身上的开关？,2020-01-05
1956,我喜欢的人有其他人在追，我该如何打败竞争对手？,2020-01-02
1955,什么样的肢体语言吸引女生？,2019-12-12
1954,TA心里已经有别人，怎么样才能打败那个人，赢得TA的心？,2019-12-19
1953,怎么吸引年纪比较小的少女？,2019-12-13
1952,在约会过程中，展现哪些品质最吸引女性？,2019-12-16
1951,怎么样变得受女生欢迎？,2020-01-11
1950,如何增加自己的价值？,2019-12-19
1949,如何成为对女人有吸引力的男人？,2020-01-12
1948,如何向女生展示自己优秀的一面？,2019-12-10
1947,怎么样跟女生讲自己高价值展示的故事？,2020-01-12
