1029,「异地恋7点方法」异地恋也可以爱的轰轰烈烈,2020-01-03
1028,这五点学好，异地恋不用发愁,2019-12-27
1027,教你如何在异地恋中去维系你的爱情,2020-01-19
1026,情感干货｜破碎的爱情及异地恋成功秘籍,2020-01-21
1025,异地恋3个最需注意的事，一定要知道,2019-12-09
1024,三步妙招挽回异地分手，找回真爱就靠它！,2019-12-28
1023,异地被分手也能挽回，5步让你逆反绝境,2019-12-27
1022,情商低导致女友跑去异地，24天极速挽回,2020-01-15
1021,没有炼狱般的彼此磨合，哪有心有灵犀的一生浪漫,2020-01-16
1020,维护异地恋全靠这个方法，让女友主动找我,2020-01-06
1019,异地永远不会打败爱情，只会打败你,2020-01-04
1018,别让距离，打败你们的爱情,2019-12-20
1017,写给正处在异地恋的你,2019-12-23
1016,不被异地恋打败，这样让她对你死心踏地！,2019-12-14
1015,异地恋分手，学会这些你也会成功挽回,2020-01-19
1014,异地恋怎么守住漂亮女友,2019-12-14
1013,异地恋女生的真实想法，最后一个看哭了,2020-01-08
1012,没有安全感的异地恋，你累吗？,2019-12-22
1011,异地恋女友坚持要分手，一招教你乖乖让她回来,2019-12-14
1010,异地恋突遭分手危机？一招让女神主动联系你,2019-12-15
1009,异地恋女友突然提出分手，几个妙招教你快速挽回她！,2020-01-16
1008,和女友跨国恋她却闹着要分手，该怎么挽回她？,2019-12-12
1007,真的是异地恋毁了你的爱情吗,2019-12-12
1006,得不到陪伴的爱情，还该坚持下去吗？,2019-12-11
1005,没钱没陪伴还移情别恋，异地的悲哀！,2019-12-15
1004,永远保持热恋的“八条异地恋黄金方法”,2019-12-08
1003,异地恋感情变淡？只用这六招，甜蜜恩爱如初恋,2019-12-08
1002,异地恋多久见一次合适？,2020-01-01
1001,刚在一起没多久就要分隔两地，如何维持异地关系？,2019-12-25
1000,异地恋该怎么维持下去？怎样和她好好发展下去？,2020-01-09
999,相恋多年分开异地恋后就话题变少了，这意味着什么？,2019-12-14
998,异地恋被对方提分手怎么办？,2020-01-04
997,异地恋，对方出轨了，该怎么办？,2019-12-11
996,异地恋分手，教你快速挽回,2019-12-19
995,异地恋分手，用心理引导法实现速效挽回,2020-01-09
994,她说累了想分手，私人定制帮你挽回,2020-01-06
993,注意这六点，异地恋也能长久,2020-01-16
992,只要记住这六点，异地也能成正果！,2020-01-10
991,99.6%的成功率，让绝情死心的她主动挽回你,2020-01-10
990,异地女友要分手？掌握这两点，让她从此非你不嫁！,2020-01-17
989,异地太难追了？突破这两个关键点才会变简单,2020-01-01
988,异地恋分手用这4招，绝情的她也会100%求你复合,2019-12-31
987,学会这几招，异地恋永远不分手,2020-01-21
986,异地情侣这样做，只会产生美不会有小三！,2019-12-09
985,异地恋分手？用这几招包你挽回成功,2019-12-30
984,异地恋分手掌握这四招，让她从此非你不嫁,2020-01-05
983,异地恋挽回宝典“上篇”,2019-12-19
982,异地恋女友爱无理取闹？这两点让她百依百顺,2020-01-21
981,异地恋维系需要这几招，让你的爱情不再输给距离,2020-01-15
980,重新点燃你的异地恋，找回爱的感觉,2020-01-04
979,女导师来讲异地恋中的维护与挽回,2019-12-30
978,做好这些，你的异地将走得更久,2020-01-12
977,有了这几招，异地恋又有何惧？,2020-01-05
976,培养各自爱好和共同爱好，一起参与做有趣的事,2019-12-21
975,异地恋真的是你们分手的因素吗,2020-01-01
974,挽回女神最见效的三招，她再绝情也招架不住,2020-01-09
973,如何挽回异地恋分手，挚爱还你想要的爱情！,2019-12-11
972,五招逆转分手死局，拯救异地恋一步到位,2019-12-18
971,异地恋没话聊？我教你,2020-01-04
970,异地恋分手 ，微信 、 电话号码都被拉黑怎么办？,2019-12-14
969,异地恋感情变淡？这几招让你甜蜜恩爱如初恋,2019-12-19
968,异地恋十个秘诀 ，让你手牵手走入婚姻殿堂,2019-12-19
967,异地恋分手拒绝复合，拉进距离感，你需要这三招,2020-01-14
966,用这五招，再远她都会爱上你,2019-12-27
965,异地用这5个话题和女生聊天，再也不怕冷场！,2019-12-20
964,异地恋分手的正确挽回打开方式,2020-01-04
963,学会这几招，异地恋也能暖到她心窝，让她乖乖听话,2019-12-12
962,异地恋三个秘诀，让她非你不嫁！,2020-01-13
961,"所有失去的 ,都会以另一种方式归来",2019-12-19
960,异地恋出现感情危机？教你一招轻松解决,2019-12-31
959,异地这样聊天，四步捕获女神芳心,2019-12-09
958,异地恋必须知道的五个原则，让她非你不嫁,2020-01-01
957,这样聊天，相隔千里她也愿意跟你在一起!,2019-12-28
956,学会这两招，没有谈不成的异地恋,2020-01-17
955,异地恋学会这5个绝招，让她死心踏地爱上你,2020-01-13
954,异地恋翻车现场，打120不如求助sos,2019-12-19
953,异地恋分手和挽回3个最需注意的事,2019-12-09
952,三招教你成功的挽回异地恋分手的女人,2019-12-09
951,异地挽回成功经验：要提前知道这三点！,2019-12-20
950,学会异地恋“定心法”，女生不作不闹主动说想你,2019-12-20
949,异地时只有这样聊，她才会情不自禁依赖你,2020-01-06
948,异地恋分手？学会这1招，相隔千里她也愿意和你在一起,2019-12-09
947,异地恋保持长久稳定的10个秘密,2019-12-29
946,三招维护异地恋，让女生对你死心塌地。,2020-01-11
945,异地的她越来越冷淡了，如何让你们的感情迅速升温,2019-12-09
944,情感破裂之后的完美复合历程,2019-12-08
943,掌握这些异地聊天秘诀，她会死心塌地依赖你！,2019-12-24
942,异地恋分手不用怕，学会4招让她主动跟你复合,2019-12-30
941,异地恋学会这三招，想分手都难,2019-12-18
940,打破异地恋分手僵局，3招挽回心爱的她,2020-01-15
939,打破异地恋分手魔咒，这三招教你成功挽回,2019-12-13
938,不分手的异地恋，四个狠招让你牢牢拴住她的心,2020-01-05
937,「关系维系」分开过年如何维系关系？,2019-12-16
936,坚持不下去了...异地恋的终点不是分手,2020-01-01
935,女友说没感觉要分手，六大秘诀帮你快速挽回,2019-12-27
934,异地恋真有你们说的这么难？我只想和你好好谈恋爱,2019-12-24
933,别再只用眼神联络，快来我房间整夜颠簸,2019-12-20
932,论异地恋的正确姿势,2019-12-19
931,想经营好异地恋，这几点一定要注意！,2020-01-11
930,保鲜你的爱情，别害怕她离开,2020-01-12
929,5天极速挽回异地女神的心,2019-12-24
928,异地恋能长久，都是因为这3点,2020-01-18
927,异地恋分手，99.6%男人都能挽回绝情的她,2019-12-08
926,如何谈好一场跨越时空的异地恋,2020-01-06
925,永远保持热恋的“七条异地恋黄金方法”,2020-01-03
924,挽回异地恋，拉近距离感，你需要的只是这三招,2020-01-15
923,如何正确维持异地恋，点击揭晓答案,2019-12-26
922,女友因为异地跟我分手，一周急速修复感情,2020-01-06
921,异地恋爱不散场，这样聊让你和伴侣异地甜如蜜,2019-12-22
920,心里有你的人，相隔千山万水都能在一起,2019-12-14
919,异地恋不要害怕，学会这一招让她对你死心塌地,2020-01-01
918,只需三个步骤，异地恋也能轻松挽回,2020-01-02
917,三招彻底解决异地恋的苦恼！,2019-12-18
916,异地恋分手，教你六步快速挽回,2020-01-02
915,“甜过初恋”让异地恋人找回初恋般的感觉,2019-12-23
914,挽回异地恋，这样做才能一次成功！,2019-12-23
913,让异地恋跑得赢时间，打的败距离,2019-12-31
912,异地恋实用的8个挽回技巧,2020-01-15
911,异地恋根本就不是问题，是你自己有问题,2019-12-07
910,这4个技巧，让异地恋修成正果,2020-01-14
909,身在异地的你，如何挽回一份失去信任感的爱情,2020-01-04
908,异地女友生气，教你9招哄好她！,2020-01-04
907,一条短信成功挽回异地恋！,2019-12-26
906,「异地恋维系」每位男生一学就会的方法,2020-01-09
905,如何挽回异地女友？拉黑也别怕的那种,2019-12-07
904,异地恋太难熬？教你9招维系感情,2019-12-25
903,越是这样会聊天，女人越是喜欢你！,2020-01-13
902,自从学会这3招，异地女友再也不闹分手了,2020-01-21
901,「异地恋」熬过了就是一辈子，可要怎么熬？,2019-12-31
900,异地恋很难吗？五招彻底解决你的苦恼,2019-12-09
899,每位异地恋情侣都该知道的七件事,2019-12-11
898,打破异地恋分手魔咒，只需五招搞定,2020-01-19
