1908,怎么锻炼身材？如何练胸肌？,2019-12-12
1907,怎么改变自己？如何变得更有男人味？,2019-12-29
1906,怎么打扮比较容易吸引女生？,2019-12-26
1905,哪些日常坏习惯会毁脸于无形，男人特别容易中招？,2019-12-27
1904,怎样知道自己适合哪种发型？女生喜欢哪种发型？,2020-01-13
1903,男生也需要保养皮肤吗？如何保养？,2019-12-17
1902,什么样的穿搭更有男人味？,2019-12-20
1901,男生发型重要吗？如何选择适合自己的发型？,2019-12-10
1900,异性缘不好该怎么办？,2020-01-20
1899,男生应该怎么打扮外表，女生才会喜欢？,2020-01-12
1898,对自己的外形不满意，怎么改变？,2019-12-13
1897,男生怎么挑选衣服？有哪些简单又有型的穿搭推荐？,2019-12-17
1896,如何提升在女生心中的形象？应该注意哪些问题？,2019-12-30
1895,怎样让发型保持帅气？,2019-12-31
1894,健身很难坚持下去，怎么办？,2020-01-21
1893,如何选择合适的牛仔裤呢？,2019-12-12
1892,身上总是有一股难闻的味道，怎么办？,2020-01-20
1891,如何提高自己的穿衣品味？,2019-12-17
1890,男生穿衣搭配有哪些误区？,2019-12-27
1889,怎样才能保持年轻的外表？,2020-01-12
