1209,女人都喜欢的那种坏男人 有这9个特点,2020-01-07
1208,「行为禁区」有哪些行为让人觉得你真的很土！,2020-01-01
1207,学会恋爱三十六计“美人计” 轻松俘获妹子,2020-01-01
1206,对方不搭理你？是因为你的形象建设没做好，最强搭配技巧攻略,2020-01-10
1205,让妹子从此离不开你的推拉技巧,2019-12-13
1204,让你成为她的男神，不是所谓的隐形男朋友,2019-12-10
1203,快速学会3个内在形象提升技巧,2019-12-11
1202,怎样发朋友圈才能吸引到你喜欢的女孩子,2019-12-16
1201,她不理你，你以为只是因为聊天的原因嘛,2020-01-12
1200,这样穿衣，女生迫不及待想撩你,2020-01-19
1199,「社交认证」人群中20%才有的特殊社交信号，女生喜欢有社交认证的男人,2020-01-17
1198,「撩妹技巧」能让女生欲罢不能的，是这3类男生,2019-12-20
1197,「建立第一印象」这8个小细节，让男人更加迷人,2019-12-29
1196,「心态提升」自信到底是哪儿来的？怎样才能变得更自信？,2019-12-13
1195,「形象建设终极指导」更好的形象，更多的自信！,2019-12-07
1194,「魅力养成」什么样的男人受欢迎？给年轻男生的2条良心建议,2019-12-24
1193,「提升自我」4个方面提升自己，女生喊着要约你,2019-12-15
1192,「嗓音的魅力」泡妞搭讪必备：男人磁性嗓音速成法,2019-12-09
1191,「形象改造」外形大调整，实操手册,2019-12-30
1190,「吸引女生」如何修炼气场？长期自身建设，提高吸引力之路,2019-12-25
1189,「练就魅力嗓音」练成让妹子湿润的磁性声音,2019-12-16
1188,形象如何改变？这是为了提升魅力必看的,2019-12-27
1187,论形象蜕变在社交生活中的重要性！,2019-12-27
1186,炎炎夏日，你和男神就差一个包包的距离,2019-12-14
1185,我们把这位土直男，改造成了男神范儿| 直男大改造,2020-01-21
1184,形象这么做！才能抓住女人心,2020-01-20
1183,成为完美型男，你只差这篇文章！,2019-12-17
1182,轻松拿下高分妹！魅力男人的自我蜕变,2019-12-07
1181,成为女生喜欢的型男，提高衣品是关键！,2019-12-08
1180,获得无数女生亲睐的方法，学会这个技巧你也可以,2020-01-13
1179,震惊！女人每次约会迟到两小时的原因竟然是这个！,2020-01-11
1178,一篇文章告别你的直男穿搭,2019-12-30
1177,男士“品位”篇，闻香识男人,2019-12-31
1176,形象大改造，7个步骤打造男士魅力形象,2019-12-27
1175,冬季外套该如何选择，才能让姑娘请你上楼喝茶？,2019-12-14
1174,【形象改造】只见一面，就能迅速“征服”她,2020-01-13
1173,你会穿什么参加维多利亚秘密的秀场？,2019-12-07
1172,30s急速吸引女人的秘密,2020-01-18
1171,适合中国潮男的发型，你中意第几款？,2020-01-01
1170,做好形象还怕没有妹子？,2019-12-16
1169,普通人快速提升魅力的3大狠招,2020-01-05
1168,冬季男士潮流法则，让你秒变男神,2020-01-16
1167,形象不OK？导师带你成为男神！,2019-12-25
1166,变身型男其实触手可及,2020-01-18
1165,形象是打开对方心扉的第一把钥匙！,2019-12-10
1164,学会建设展示面，让女生主动找你聊天,2020-01-19
1163,正确的穿衣搭配，让你撩妹事半功倍,2020-01-13
1162,衣柜旧衣服不去，床上新妹子不来！,2019-12-18
1161,不会穿白衬衫的男人，是没有撩妹前途的,2020-01-06
1160,腰带系得好，妹子不会少！,2020-01-21
1159,6大潮流单品带你引爆2018冬季，吸引妹纸就这么简单,2020-01-12
1158,她说，我是她此生遇到最man的那个人,2019-12-22
1157,西服套装这么穿 想不有范儿都很难,2020-01-04
1156,穿上这身新战袍，姑娘们都夸我说“你好硬”,2019-12-08
1155,他那么丑，为什么那么多校花喜欢他？,2019-12-10
1154,上班族的商务休闲装，怎么穿才不像卖房卖保险的？,2020-01-04
1153,什么男人会让女生欲罢不能？这几位Rapper让我秒懂,2019-12-30
1152,要变帅？学会这三招，小妹妹瞬间迷上你,2019-12-16
1151,最让女生反胃的“男士穿衣黑名单”，你中了几枪?,2020-01-19
1150,夜店归来一人睡，原来衣服没穿对,2019-12-22
