2046,做了这么多，为什么对方还是不愿意回头？,2019-12-14
2045,有哪些行为可以提升挽回几率？,2019-12-24
2044,分手后，怎么样才能让对方主动联系我？,2020-01-22
2043,对方说对自己死心了，还有挽回的可能吗？,2019-12-08
2042,吵架一怒之下说分手/离婚，触及对方底线，如何挽回？,2020-01-17
2041,如何从普通朋友做起，挽回恋人？,2019-12-11
2040,冷处理后一直没有看到成效，甚至对方更远离自己，这是为什么呢？,2019-12-09
2039,分手以后对方有了新的男/女朋友，这时还想挽回TA，怎么办？,2020-01-17
2038,怎么样做好分手后挽回的第一步？,2020-01-15
2037,分手了，但是忘不了对方怎么办？,2019-12-29
2036,为什么挽回爱情需要降低需求感？,2019-12-14
2035,失去的爱人真的能重新挽回吗？,2020-01-12
2034,对方觉得我们不合适和我分手了，我该怎样挽回？,2019-12-29
2033,挽回一段感情有什么有效的方法吗？,2020-01-03
2032,如何成功邀约前任？,2020-01-16
2031,怎么样判断我在挽回过程中是否需要和对方断联？,2019-12-15
2030,对方说害怕失去我，但还是分手了，该怎么做呢？,2019-12-13
2029,如何利用心锚挽回Ta？,2019-12-27
2028,异地分隔导致感情破裂，如何才能挽回？,2019-12-26
