1328,一字一句教你相亲，女生会忍不住爱上你,2020-01-04
1327,「有效约会」新年相亲不会聊天？你也可以拥有一次有效的约会,2019-12-28
1326,「相亲观点」高性价比的约会活动：相亲,2019-12-28
1325,相亲后不会聊天？学会3招轻松解决！,2019-12-10
1324,高成功率相亲指南，快来学习一下,2019-12-19
1323,不可不知的相亲聊天技巧，让喜欢的她主动联系你,2020-01-16
1322,这些相亲技巧掌握好，女神就会跟你跑,2019-12-19
1321,让女人情绪高潮迭起的相亲套路,2019-12-24
1320,不可不知的相亲攻略，让喜欢的女生主动约你,2020-01-16
1319,3招相亲秘诀，让高冷的她和你聊得心花怒放,2020-01-08
1318,相亲冷场，不会聊天？看我用4招帮你解决,2020-01-01
1317,实用聊天法则，让你的相亲聊天会越来越顺,2020-01-13
1316,你不得不会的相亲攻略！,2019-12-20
1315,相亲必看攻略，教你快速吸引妹子！,2020-01-02
1314,相亲决胜法宝 让你一次相亲媳妇领回家,2019-12-24
1313,三级跳，让相亲妹子快速接受你,2020-01-04
1312,微信这样开场聊天，相亲妹子会秒回你,2019-12-25
1311,「女性视角」找女朋友太轻松，史上最全相亲攻略,2020-01-04
1310,「相亲秘笈」如何正确的相亲？三个步骤告诉你,2020-01-17
1309,相亲必修第一课,2019-12-31
1308,相亲只需三步,2019-12-20
1307,教你4种聊天思路，给女生留下深刻好印象,2019-12-14
1306,解开心结，让相亲后分手的情侣重新在一起,2020-01-17
1305,相亲迟迟确定不了关系？该用这招了！,2020-01-06
1304,相亲后不温不火，如何步步为营引爆吸引，确定关系,2019-12-15
1303,学习这几点，相亲时这样聊成功率最高,2019-12-24
1302,妹子害羞不主动？要这样破！,2020-01-11
1301,相亲可耻？拿不下才可耻！,2020-01-21
1300,这样吻她，她就是你的人了,2019-12-31
1299,惧怕相亲？技巧用对一次带走,2019-12-09
1298,学会这五招，轻松相亲，让女孩儿对你“一见钟情”,2019-12-24
1297,相亲之路分手后，28天挽回我的爱情,2020-01-21
1296,避开这五个雷区，相亲效率倍增,2019-12-26
1295,相亲，几天约一次最合适？,2020-01-19
1294,和女生第一次认识见面，如何快速吸引她,2020-01-11
1293,相亲约饭去这些地方，她会爱上和你相处！,2020-01-21
1292,初次相亲，如何10秒内吸引妹子?,2020-01-02
1291,相亲的妹子没话题？为何不试试这“三招”,2020-01-10
1290,学会这个聊天技巧，终结相亲聊天尴尬症,2020-01-02
1289,会聊这三个问题，相亲妹子会快速接受你！,2019-12-21
1288,学习这几点，相亲聊天成功率最高,2019-12-07
1287,这三点窍门都不知道？难怪相亲妹子不喜欢你！,2019-12-16
1286,相亲第一印象不好？教你反转局面拿下女神,2019-12-28
1285,相亲胜率百分百，你只需要这样做！,2019-12-19
1284,轻松三招，让相亲妹子迷上你,2019-12-19
1283,相亲用上这3招，绝对让女生脸红心跳,2020-01-16
1282,掌握这四个相亲技巧，脱单成功率高达百分之98.7%！,2019-12-13
1281,相亲技巧全面解析，让你快速脱单不再碰壁！,2019-12-24
1280,相亲用上这3招，拿下女神成功率99.8%,2020-01-14
1279,这样聊天，相亲才会更有效率,2019-12-07
1278,手把手教你提高相亲成功率,2019-12-28
1277,相亲妹子对你冷淡？是因为你没做好这几点,2020-01-06
1276,相亲女生若即若离，怎么聊天才能挑动她的心？,2020-01-10
1275,相亲不知道怎么做？4个小技巧让你绝不冷场,2020-01-14
1274,相亲聊天攻略，让女神迷上你！,2020-01-16
1273,做好这四点，相亲对象才会爱上和你聊天,2020-01-21
1272,99.1%相亲成功率，让冷淡的她主动倒追你,2019-12-29
1271,99%成功率，一狠招让坚决的她心疼你主动说我爱你,2020-01-15
1270,相亲时懂女人，会聊天，才能让她乖乖跟你回家,2019-12-22
1269,战胜其他对手，相亲要学会这样聊天,2019-12-15
1268,相亲必备十大聊天话题，远离冷场,2019-12-12
1267,这样相亲，姑娘才愿意跟你回家,2020-01-07
1266,这样相亲，姑娘排着队嫁你,2019-12-18
1265,相亲必须做好的五点，缺一不可,2020-01-20
1264,相亲网站使用攻略,2019-12-22
1263,相亲秘籍四步走，让姑娘对你目不转睛,2019-12-27
1262,避免这7个尴尬话题，大大提高相亲成功！,2019-12-10
1261,相亲总失败？谁让你不这样做！,2019-12-20
1260,相亲冷场？总失败？用对这四招，轻松解决问题,2019-12-08
1259,三个必杀招！相亲对象爱上和你聊天,2019-12-10
1258,相亲必备攻略大详解，让你快速脱单收获完美爱情！,2019-12-28
1257,相亲总是被拒绝，以下几点你中了几个？,2019-12-28
1256,相亲必学大秘籍,2019-12-28
1255,相亲后女生爱答不理？解决这四点，她对你“瞬间动心”,2019-12-22
1254,相亲遇女神陷入死局，七天神奇逆转,2019-12-26
1253,「撩妹技巧」约会后用这2招，能让她迅速喜欢上你,2019-12-23
1252,相亲后只需这几步，她一定非你不可,2019-12-09
1251,相亲内幕爆料，注意4点不会掉坑里,2019-12-14
1250,新年相亲用这几招，半年内办婚礼,2019-12-31
1249,2019最新春节相亲攻略,2019-12-31
1248,相亲约会聊这个话题，让妹子回家下面给你吃！,2019-12-13
1247,100%让相亲对象心动的成功秘诀！,2020-01-15
1246,相亲必看攻略！注意这些细节成功率98%,2020-01-01
1245,相亲又失败？做到这三点，一次相亲让女孩喜欢上你,2019-12-12
1244,相亲学会欲擒故纵，让你快速脱单不再碰壁,2019-12-26
1243,相亲之前必须学习的技巧,2019-12-08
1242,相亲必备3大技巧，她再高冷也会对你瞬间心动,2020-01-05
1241,相亲的妹子这样聊，她会对你上瘾！,2020-01-16
1240,如何巧用“欲擒故纵术,2019-12-23
1239,相亲时这样聊天，瞬间让她爱你上瘾！,2019-12-26
