1855,这样做，让她无法自拔地爱上你,2019-12-19
1854,99.8%成功率，让坚决的她主动说：我爱你,2019-12-19
1853,「如何升级关系」学会这个，妹子见面时保证不玩手机，玩你！,2019-12-14
1852,「突破友谊区」再也不想只做朋友？你只需照我说的做,2019-12-18
1851,「择偶问答」怎么确定，她适合做你的终身伴侣？,2019-12-31
1850,「升级关系」关系的4种阶段，以及升级方法,2019-12-18
1849,「案例分析」表白死？见光死？冷战？这里有解决方法,2020-01-01
1848,「追女生步骤」三步让她做你的女朋友,2020-01-19
1847,「升级关系」一招，普通朋友发展为恋人,2019-12-08
1846,「见长辈注意事项」过年去女友家，如何给她父母留下好印象？,2020-01-04
1845,「暧昧升级」搞暧昧，有这几招就够了,2019-12-08
1844,其实你不是因为不会聊天才找不到女朋友,2020-01-16
1843,备胎成功逆袭，苦追5年的女生成功求婚,2020-01-14
1842,约会时，绝大部分男人死在这些细节上,2020-01-04
1841,在确定关系时，如何湿润的去突破,2019-12-22
1840,「破限沟通术」确定关系，你需要多久？,2019-12-18
1839,避免这种错误的表白，进行一段美妙的爱情之旅,2019-12-11
1838,情人还是爱人，用心就能看的出来,2020-01-19
1837,这样告白百分百成功,2020-01-21
1836,快速确定关系，看我如何攻城拔寨,2019-12-30
1835,做到这一点 妹子主动找你确立关系,2019-12-28
1834,理工男该怎么追女生？,2020-01-22
1833,长期关系最忌讳的七件事,2019-12-08
1832,确定恋爱关系，你不知道的三个“核心因素”,2019-12-09
1831,识别她的这些潜台词，就能确定恋爱关系！,2020-01-14
1830,看完这两个真实案例，想不确定关系都难！,2020-01-04
1829,女生期盼和这样的男生确定关系,2019-12-26
1828,教你一招！快速和女孩确定关系,2020-01-07
1827,这样做，给你发好人卡的女孩都能追回来！,2019-12-23
1826,做到这四点，女生会主动和你确定关系！,2020-01-17
1825,女人更愿意和怎样的男人共度余生,2020-01-02
1824,让你恍然大悟的三个确定关系绝招，在这里,2019-12-07
1823,这样做，让她彻底喜欢上你,2020-01-21
1822,读懂女人的好感信号，让她彻底爱上你,2019-12-11
1821,教你快速追到她，吸引女生神级干货！,2019-12-22
1820,别把备胎、暧昧错以为是你的爱情,2019-12-08
1819,表白被拒？俘获她芳心的正确方法,2019-12-21
1818,最强干货，“狩猎法则”带你快速搞定心爱的她！,2019-12-09
1817,避开这些坑，就超过了80%的男人,2019-12-12
1816,晋级为她男朋友请这么做,2020-01-04
1815,看《恋爱先生》学会三个终极脱单秘籍,2020-01-15
1814,学会这四招，再高傲的女神都能追到手！,2019-12-31
1813,表白不是确定关系的唯一途径,2019-12-17
1812,不明白这个道理，你有再多的女人都会离开你,2020-01-03
1811,如何在不知不觉中顺利与她确定关系？,2019-12-28
1810,表白被拒？掌握这几点快速追到女神,2019-12-31
1809,注意这四点，这会是你和她之间最大的阻碍,2020-01-07
1808,确定关系的核心复合方法，让心爱的人重新回到你身边,2020-01-06
1807,确定男女关系相处的5大雷区，你是否知道？,2019-12-27
1806,想要跟女神确定关系？这些细节一定注意,2019-12-15
1805,避开这几个雷区，今年不再过光棍节！,2020-01-22
1804,三个小技巧，帮你快速确定恋爱关系,2020-01-03
1803,我很能聊，她为什么还说我不懂她？,2019-12-31
1802,如何在微信聊天中展现自我价值,2020-01-16
1801,读懂女人的三种好感信号，确定你们的关系,2019-12-18
1800,什么样的男人？女人会一直爱你,2020-01-05
1799,1个聊天方式，“撩”住心动女生,2019-12-23
1798,学会这4招示爱技巧，女生直接答应你的告白,2019-12-18
1797,掌握这三招，几年没追到的女孩都能确定关系！,2020-01-01
1796,付出这么多她还不爱你？那是你不懂这些,2019-12-15
