1979,和妹子约会时，什么时候身体接触比较恰当？,2019-12-09
1978,女人到底收到什么样的礼物会开心？,2019-12-08
1977,如何用尽量少的钱，制造一次难忘的约会？,2020-01-07
1976,约会时有哪些事，是很重要但经常被忽略的？,2019-12-11
1975,和妹子约会，但是她带了闺蜜，怎么处理？,2019-12-30
1974,约会的时间和转场地点，应该怎么安排呢？,2020-01-04
1973,第一次和妹子约会，哪些错误千万不能犯？,2020-01-04
1972,出门约会前，需要做哪些准备工作？,2019-12-27
1971,如何让女生主动来约我吃饭？,2020-01-13
1970,校园里，哪些地方最适合约会？,2019-12-31
1969,如何打造一个完美的约会？,2019-12-25
1968,和妹子约会，有哪些实用的聊天技巧？,2020-01-06
1967,除了吃饭看电影，有什么其他有趣的约会活动？,2019-12-09
1966,跟女生聊天，怎么样让她感觉我们很合适？,2020-01-12
1965,打电话约女生，有什么特别有效的技巧吗？,2019-12-09
1964,女生不停向我倾诉她的烦恼，我该怎么做？,2019-12-09
1963,情人节约会攻略，如何搞定十二星座？,2019-12-16
