1870,在网上怎么和不认识的女生搭讪？,2019-12-08
1869,搭讪第一句话说什么？,2020-01-06
1868,怎么打探对方有没有男/女朋友？,2020-01-10
1867,有没有办法让女生主动留电话给我？,2019-12-07
1866,在酒吧/夜店，和一些异性刚刚对上眼，还没说过话，怎么搭讪？,2020-01-08
1865,如何在陌陌上撩妹？,2019-12-29
1864,很久没和对方聊天，该怎么开始比较好？,2020-01-14
1863,什么样才算一个好的搭讪？搭讪的流程是怎样的？,2020-01-18
1862,怎样才能轻易地拿到陌生异性的联系方式？,2019-12-24
1861,在公共场合，怎么与陌生的女生搭讪？,2019-12-13
1860,搭讪街头偶遇的女生有哪些技巧？,2019-12-25
1859,到酒吧泡妞要注意什么？我该做什么？,2019-12-12
1858,在酒吧夜店泡妞有什么规律吗？,2019-12-22
1857,传说中的PUA（把妹达人）是什么人？,2019-12-31
1856,怎样搭讪心仪的异性？要注意什么？,2020-01-09
