1962,成为VIP会员，可全面解锁所有课程哦！,"<p></p><p>情商，狭义来讲，包括为人处世，谈吐修养，广义而言，则包括感知他人的情绪还有控制自己情绪的能力。以下有几点要注意：</p><p><strong>1. 不会说话，也就是说话做事不考虑别人的感受。</strong></p><p></p><p>这个是最重要的，也是我们常常看到的。你想一下你身边有没有那样的人，明明大家一起聊天聊的很开心，他来了，大家瞬间自己忙自己的，都不说话了，所谓冷场帝。</p><p>为什么?</p><p>因为大家经历过被他的语言所伤，心中自有不悦，怕继续聊天这家伙不知道又蹦出一句什么话来。</p><p>最最可怕的是，他自己意识不到自己伤害到了别人。</p><p>所谓言者无心，听者有意。</p><p>真正优秀的人是不会把自己的优秀凌驾于别人的自卑之上的。</p><p>一群正常人和一个残疾人一起，言谈之中如果谈及相关残疾的词，伤害到这个人，那么，说话的人自然情商不高，会引起别人使眼色。倘若他能看懂眼色及时停止，也算有点情商，怕的就是他来一句“你瞪我干嘛”，这样大家都会很尴尬。</p><p><strong>2. 读不懂别人的拒绝，听不懂别人话里的意思。</strong></p><p>一个简单的例子，你在别人家做客，到饭点儿了，主人说：要不你就在这吃吧，别走了。</p><p>你在这吃还是不吃?</p><p>答案当然是不在这吃，首先不熟悉的人饭点儿拜访本身就是情商很低的表现。</p><p>如果主人真得要留客人，他自会直接说：中午一定得在这吃，我已经都买好了。而不会加一个“要不”。</p><p>可能你会说比较熟悉的人怎么办?</p><p>你自可以推脱一下：我家那边还有点事/我待会有个会。如果实在还要留你，那自然可以在这吃。</p><p>如果真的要饭点儿拜访送礼什么的，那没有办法，主人留你的时候，你必须说一个必须走的理由。</p><p>表现出很想留下来吃饭，但是很无奈真的没办法的感觉，会让别人不会感觉到自己招待不周。</p><p>还有一种情况是当你和别人聊天，别人说：我要吃饭了/我要去吃饭了。</p><p>这两个你能不能听出来其中的区别?</p><p>我要吃饭了。言下之意就是你可以不聊了，我对你的话题不感兴趣。</p><p>我要去吃饭了。这句话的意思重点在于“去”这个动作，是真的要吃饭了，我们可以一会再说。</p><p>能不能分辨这些语言中的细节，就是决定你在社交中有多高明的点。</p><p><strong>3. 看不懂别人的欲言又止，也就是所谓听别人讲话要听他没说什么，而不只是说了什么。</strong></p><p></p><p>这个就比较高深了。听人讲话要听别人没说什么，而不只是听别人说了什么。</p><p>女生说，我来大姨妈了。你如果只听出来大姨妈这个事实，那你就只会说多喝热水。</p><p>你听懂了她没说的“我需要安慰”。你就会说：如果我在你身边我就给你暖暖肚子。</p><p>女生说，我宿舍晚上要关门。你如果只听出来要关门这个事实，你就会说我早点送你回来。</p><p>你听懂了她没说的“如果太晚可以不回来”，那你就可以破除她的反荡妇机制，带她开心去开房。这个理由就是太晚回不去宿舍。</p><p><strong>4. 控制不住自己的情绪，气急败坏，歇斯底里。</strong></p><p>被女生拒绝的男生，经常会出现此问题。</p><p>又或者约会期间，被女生放鸽子，控制不住自己失落的情绪，气急败坏，说了女生一通，下次自然，你也就约不出来了。</p><p>这时候我们要表现自己绅士的一面，但是还要表达自己的态度。</p><p>一点脾气没有，也是不行的。我们要有一点点生气，冷淡的态度：恩，好。</p><p>然后，在女生再来找你道歉的时候呢，给自己一个台阶，也给她一个台阶下。这样，既没有气急败坏，展示了绅士风度，又表达了自己态度，不是可以随便放鸽子的屌丝。</p><p><strong>5. 过度依赖他人，没有自我。</strong></p><p>太多缺乏情感教育的人，也包括我之前，也是这样的情况。</p><p>谈一段感情，认识一个女人，就觉得此生非她不娶，没了她就活不下去。进而控制，纠缠，查手机，撕逼，分手。如果你把她当做整个世界，你就会失去一切。</p><p>以前有人问我，怎样才能留住一个女人?</p><p>我告诉他：当你不想留住任何女人的时候，就会有女人留下了。</p><p>殊不知真正健康的感情，是两个人一起进步，一起向前看，不纠结于过去，并且信任，是彼此的唯一。</p><p><strong>6. 过于敏感，怕被伤害。</strong></p><p>我经历过自闭症，那个时期，没有朋友，总觉得别人想要害我。</p><p>几个同学在聊天说笑，我都会觉得是在嘲笑我。</p><p>敏感到不敢和别人，和群体讲话，不敢参与，怕被别人的轻微语言所伤害。也即所谓玻璃心。</p><p>没有人会喜欢一个玻璃心的男人。</p><p>中国的现在，一个男人想要成功，必须要有强心脏，普通心脏不行，更不用说玻璃心的男人了。而且，玻璃心的男人，往往会变成渣男。</p><p><strong>7. 不知道自己到底想要什么</strong></p><p></p><p>也就是说，自己做事的目的和想要的结果不统一，也就是常说的好心办坏事。这是很严重的。</p><p>“我是为你好。”</p><p>这句令人生厌的话，大家都听过的吧。</p><p>父母为自己的利益或者发泄脾气打你骂你之前，都会带上这么一句。</p><p>最简单来说，你给的，不一定是别人想要的。永远不要用你自己的标准去衡量评价别人的得失。</p><p>像那些不确定女生是否喜欢自己就当众表白的人，明显就是情商低。殊不知这件事情除了会给女生带来尴尬的道德绑架，没有任何的意义。</p><p>人家想要的是苹果，你花光了所有的积蓄给她买了一车香蕉。</p><p>你觉得她“应该”喜欢并感谢你的好意并且给你回报。</p><p>你可能会想“我对你这么好，你为什么不跟我在一起？”</p><p>这，不是情商低又是什么呢?</p><p>你对她好，与她何干?</p><p><br></p><p style=""color:#999;font-size:13px;font-style:italic;"">更新时间：2021-01-28</p>",31,https://www.weiwei567.com/addons/mm_las/images/ktfl/ktlb/kta.png
1961,成为VIP会员，可全面解锁所有课程哦！,"<p></p><p><strong>男人第一次约会易犯错误</strong></p><p>
No.10     过早动作过于亲密</p><p>
挫男指数   ★☆☆☆☆</p><p>
杀伤指数   ★★★☆☆</p><p>
综合指数   ★★☆☆☆</p><p>占便宜的小混混的错误，比如有些人深得把妹精髓，去扶女孩子的腰，这本来是好的，他却直接搂下去了，姑娘心里很清楚：你在占老娘便宜。</p><p>
勇气可嘉，不过不够绅士。把妹是一门艺术，去学习如何正确的肢体升级技巧吧，你会如虎添翼。</p><p>No.9      过早聊到隐私话题</p><p>
挫男指数   ★★☆☆☆</p><p>
杀伤指数   ★★★☆☆</p><p>
综合指数   ★★★☆☆</p><p>
你有过几个男友？</p><p>
我比他们帅吗？</p><p>
你们为啥分手？</p><p>
……
       
这里的概念，并不是告诉大家不能问这类的问题，而是说要在正确的阶段说正确的事情。第一次约会，除非女孩子主动讲过去的事情（这个时候要避免“情感垃圾桶”/“男闺蜜陷阱），否则还是别提这些了。让过去的事情过去，别让女孩觉得你是个斤斤计较、醋瓶很深的男人。</p><p>No.8      不会倾听</p><p>
挫男指数   ★★★☆☆</p><p>
杀伤指数   ★★★☆☆</p><p>
综合指数   ★★★☆☆</p><p>全民情敌里，HITCH的著名桥段，印证了倾听的重要性：
（在带姑娘参观完画展后）问她觉得画展怎样，她最喜欢哪幅画，为什么喜欢那幅。当她回答的时候，不要盯着她的嘴，不要想她裸体是什么样的。倾听她所说的话，然后做出回应。这样，当轮到你讲话时，你就不会只说“我喜欢你的嘴唇。”（姑娘问）你最喜欢的是哪幅呢？（男人答）大象那幅，当然。尤其是在姑娘长篇大论说了很多，一定要仔细倾听，然后做出评价、反馈。</p><p>No.7      孤岛陷阱</p><p>
挫男指数   ★★☆☆☆</p><p>
杀伤指数   ★★★★☆</p><p>
综合指数   ★★★☆☆</p><p>孤岛陷阱是指在约会转场时，两个约会地点地理位置过远，且交通不便的情况。城东边的咖啡厅，然后，我们转战城西北的电影院吧，因为团购，便宜！</p><p>
于是，你们站在：</p><p>
环境1 冬天：寒风萧瑟，白雪皑皑的马路边，等待了30分钟，taxi还是没有搭到…</p><p>
环境2 某些一、二线大风沙城市：大风大沙，尾气四溢的优美公交站牌旁，等待了20分钟的TAXI未果，最终坐上了路途花费1小时30分钟的公交车…</p><p>
环境3 征求意见中…</p><p>
安排好方便的转场，让约会事半功倍吧。</p><p>No.6      没肢体碰触</p><p>
挫男指数   ★★★★☆</p><p>
杀伤指数   ★★★☆☆</p><p>
综合指数   ★★★★☆</p><p>女人都是天生的社交好手，身上的雷达敏锐程度惊人。我经常对男性朋友举例说，如果我把你介绍给我的姑娘。她会在一年以后清楚地说出你那天带了什么围巾、穿的鞋子擦没擦、衣服和裤子的颜色、当时的天气，以及对你的印象。当然，在第一次约会时，你有没有肢体碰触女孩子，她也很清楚，而且会记得很清楚几次、在哪、什么时候……肢体碰触是避免“瘟疫般的友谊区陷阱”的有利工具。
 </p><p>碰触本身的意味在于：我们不是朋友。曾因为约会中没肢体碰触，最终把女神发展成朋友的童鞋们，请在下面主动留言吧，中枪是正常的。</p><p>No.5    男人滔滔不绝</p><p>
挫男指数   ★★★☆☆</p><p>
杀伤指数   ★★★★☆</p><p>
综合指数   ★★★★☆</p><p>记住，你看到的姑娘的微笑，是她的教养，不是她的兴趣，姑娘心里的nimabi，你永远看不到。若你以后发现，自己在第一次约会，又滔滔不绝的时候，停下来，想一想是不是姑娘对你讲的话感兴趣，如果很勉强，换一个她感兴趣的话题聊吧。</p><p>No.4      过分殷勤 </p><p>
挫男指数   ★★★★☆</p><p>
杀伤指数   ★★★★☆</p><p>
综合指数   ★★★★☆</p><p>从小妈妈和学校告诉你要宠着女孩，关爱女孩，却没说过分卑躬屈膝会让你像个哈巴狗。过分殷勤=自我价值否定+我不配你你这样做，若你自己觉得是应该的，女孩也会这样想。女孩子有手有脚，有些事，她可以自理的，不用你太殷勤了。尤其是，你们才第一次约会…过分冷淡和过分殷勤都是不自信的表现，他们的平衡点才是绅士。</p><p>No.3      炫耀</p><p>
挫男指数   ★★★★★</p><p>
杀伤指数   ★★★★☆</p><p>
综合指数   ★★★★★</p><p>露出名牌腰带、内裤，就是隐形高价值展示吗？！不是的，姑娘就觉得你就是特意的，而且，你也没被冤枉。这种行为在姑娘看来都是小儿科，要多二有多二。
 </p><p>炫耀=寻求认同行为=低价值行为。</p><p>
孩子，你今天有这条腰带，带上就好了。炫耀会让你很掉价。不要效仿。让姑娘发现你的精彩，你的自信不在于一块表、一条内裤，甚至不在于豪宅、跑车。男人的自信是透着内心里发出的，由内而外，不依赖于任何外物的。另外，炫耀个人经历，也可以是件二逼的事儿。这样，你在对姑娘讲一个故事之前，仔细想想，是不是她会感兴趣。如果她一点兴趣都没有，即使你再想说，也是一厢情愿，憋回去吧，把妹达人修行是痛苦的，结果是好的。</p><p>No.2      油头+脏鞋</p><p>
挫男指数   ★★★★☆</p><p>
杀伤指数   ★★★★★</p><p>
综合指数   ★★★★★
       
鞋=男人的脸</p><p>
头发可以把你的分数整体提高1分，更可以把你的分数压低1分……下厨炒菜的油头更是杀人灭口，居家必备的核武器。保证让姑娘看到以后从第一眼恶心到最后，并且在你说拜拜的一刻，心里想“终于结束了”，姑娘后面省略1千字的对你全家人，尤其是你母亲的问候。</p><p>No.1      没主见</p><p>
挫男指数   ★★★★★</p><p>
杀伤指数   ★★★★★</p><p>
综合指数   ★★★★★
       
点菜不是马拉松。</p><p>
你是否中枪以下场景：</p><p>场景1</p><p>
       AFC：你爱吃什么？</p><p>
       MM：都可以。</p><p>
       AFC：点这个行吗？</p><p>
       MM：随便。</p><p>
       AFC：要不，点这个吧，你看行吗？</p><p>
       MM：……</p><p>
       场景2</p><p>
       （吃饭结束后）</p><p>
       MM：然后我们去哪…</p><p>
       AFC：你喜欢哪里？</p><p>
       MM：你决定吧。</p><p>
       AFC：你想去哪，都可以。</p><p>
       MM：随便。</p><p>
       AFC：你说吧。</p><p>
       MM：……</p><p>
       场景3</p><p>
       （菜单拿到手里时，AFC又纠结了5分钟…）</p><p>
       AFC：牛肉PIZZA，还是海鲜PIZZA呢?</p><p>
       MM：（兴趣度和情绪渐渐下降中）……</p><p>让女孩做决定，做选择，是女性最糟糕的约会体验。</p><p>姑娘T曾和我在第一次约会的时候，发现我全程都在主动带领时，就直接和我说：“你比我以前约会过的那些男人靠谱多了。他们约我出来吃饭，连自己点菜都不会。我和你出来，就是要跟着你的感觉。整天问我点这个行不行，爱吃不爱吃这个，好像多关心我似的。是男人，就做决定。吃完饭，下一个约会地点去哪，也问我，想去哪。这样的，基本上就没有下次了。”</p><p>可乐还是雪碧，纠结了一生一世的男人们，选择做男人吧！</p><p>很多时候，A还是B，AFC会纠结哪个更合适、更好，而对于选择，往往时间更重要：在这个时间做出选择，远比选择了哪个重要！选择就是了，做出选择给姑娘的体验，远远优于纠结了很久，最后做出不一定最好的选择。</p><p><br></p><p style=""color:#999;font-size:13px;font-style:italic;"">更新时间：2021-02-01</p>",31,https://www.weiwei567.com/addons/mm_las/images/ktfl/ktlb/ktb.png
1960,成为VIP会员，可全面解锁所有课程哦！,"<p></p><p>掌握这些方法就能追到你喜欢的女生，即使不高不帅。</p><p><strong>1. 调情</strong></p><p>调情能帮助你远离“朋友圈”，因为这提醒女生你既有魅力又能做好朋友。当你见到喜欢的女生，可以先短暂眼神交流以及微笑。开始随意、带些轻佻的谈话，看看她怎么反应。如果你逃避她的眼神，表现紧张，她会极力想知道你究竟什么意思。</p><p>女生主要是靠肢体语言和感情来回应的，如果你让她们觉得快乐，她们会觉得你有趣体贴。如果你把她们吓到了，她们会紧张——在面对或逃跑之间，她们会选择逃跑。</p><p>放松。冷静。不要想着她是你梦想中的女孩而给了自己或她压力。如果你说了糟糕的玩笑或者错误的话，不要带着压力去想后面会发生什么。她可能跟你一样紧张，小小的错误可能不会注意到或者会简单地忽略掉。开始的时候别去担心调情好像很难。你跟女生聊得越多，你会变得越自在。女生通常是最具跳跃性的，因为她们脑中对每个词都有成千上万不同的反应。为了选对的词，她们会很有压力以至于太慌乱，几乎难以注意到那些糟糕的玩笑，试着释放你自己的尴尬吧。</p><p>享受和她，这个与你生命相交而又魅力非凡的她, 你来我往两相交流的过程。你不想压力把自己压垮，记住最终目标是让她喜欢你。不要说让她抗拒的话。正常情况下，她会喜欢上你的。</p><p><strong>2. 赞美她</strong></p><p>如果你真的喜欢一个人，你可能欣赏她很多东西。为什么不让她知道呢？如果她有什么不同了（她的头发、指甲颜色、衬衫等等），赞美她。你的赞美越独特，效果就更好。</p><p>很多女生喜欢听独特的赞美，而不是普遍人都有的特质。如果你赞美她的外表，要尽量有点创意，或者指出其特别之处。可以赞赏她的品格或者特殊技艺。</p><p>不要经常说她美丽。如果她确实很美，可能很多人就已经跟她说过了，这些话显得平常了。如果你准备赞美她，可以站起来赞扬她的品格、她擅长的东西以及她做事情的方式等等。太经常地赞美她的外表会让她觉得你肤浅，觉得你可能只想与她上床，你不会想留下这样的印象吧。</p><p><strong>3. 给她留下好印象</strong></p><p>这里没有统一的做法。能让一个女生留下好印象的方法可能会让另外一个女生不屑。最好的办法就是做你自己。展示你骄傲的独特技巧、天分或者有难度的事情，一些让你突出的事情。这不仅仅会让她对你有好感，也能增强你的自信心。
要小心不要太骄傲。给她留下印象，但不要过度吹嘘自己的成就和计划。自信是吸引人的特质，但过度骄傲会让大部分女生产生反感。</p><p><strong>4. 打破接触障碍</strong></p><p>有好几种方法可以接触一位女生，但同时做到“不下流”。当她脱下外套时，帮她拿着；当她踩在不平路面时，给她你的手；在走过人群时，伸出你的手；如果她绊到了，抓稳她；在她愉快的时候跟她拥抱或者击掌；如果她在担忧什么，轻轻抚摸她的肩膀安抚她。这些都是礼貌的方式，让你跟她更亲密又不至于变态。</p><p>对于抚摸，女人比男人更敏感，即使她们面临困难，因此，确保你的触碰是轻轻的。比如，不要拍她的背，而要拍她的肩膀。如果感到她不太自在，马上停止！</p><p><strong>5. 试探</strong></p><p>一些互相的吸引过后，可以开始扔低层次的“诱饵”—— 暗示性的小玩笑 —— 看看她上不上钩。好的诱饵应该是轻快而有趣的，通常还是模糊的。“诱饵”也是女生调情的方法，因此，留心观察她“开玩笑”的地方，可能会有第二层含义。</p><p>如果你观察准确，女生会有某种特定的表情（前提她是你对的那一个）。这就像你给了她秘密的信号。她会在几秒钟后回望你，猜想你是否知道她的含义，或者你只偶然说出了对的话。当她这样做的时候，保持眼神交流，半微笑，不要做其它反应。就像开始处在世界顶端：在你们过去的生命中，此刻是最脆弱的一刻。等她说出下一句话，祈祷听到你想要的答案！</p><p><strong>6. 耐心些，给她点时间</strong></p><p></p><p>不要太催促或者饥渴。好女孩通常需要比男生多的时间来发展深感情。遵循以上步骤，继续追求她，但不要太着急。如果你最后成功了，她一直会记得在最初相识的时候你给她的感受。</p><p>让她觉得自己被欣赏，不是隐形或者被窒息的。缓慢而温柔（但坚定）的追求，预先减少性方面的恐惧（如果有的话），不要让人开起来太饥渴，让她习惯生活中多了一个男生。不要强迫这段感情；细心寻找能见她的地点和时间的一些暗示。</p><p><br></p><p style=""color:#999;font-size:13px;font-style:italic;"">更新时间：2021-01-30</p>",31,https://www.weiwei567.com/addons/mm_las/images/ktfl/ktlb/ktc.png
1959,成为VIP会员，可全面解锁所有课程哦！,"<p></p><p>追女生做这些事一定是错的。以下整理了男人追女人过程中的7大误区。</p><p><strong>误区1. 无条件付出</strong></p><p>与心仪女性刚刚认识的时候，男人往往喜欢无条件地为对方付出，管接送，管结账。男人尝试通过这些无条件的价值提供去“购买”和“说服”女人，希望她在理性层面上去接受他。问题是，男人却忽略了女性在感情层面上的感性思维。</p><p>女性在一段关系中的感情体验，不在于她从一个男性身上得到了什么，而是在于她为这段关系付出了什么。人只会在乎自己投入过的东西，男人经常忘记了这条人性法则。所以下次和女性约会，重点不是你为她付出什么，而是你怎么引导她去付出和投入。  </p><p><strong>误区2. 直接炫耀，却不懂得间接展示自身的软硬价值</strong></p><p>懂乐器，有好车和大房子，具有这些软和硬的价值都是非常棒的！但当你直接去炫耀这些闪光点的时候，问题就出来了。因为你需要她的认同，这是一种低价值男人才会做的事情。</p><p>女人的社交触觉本来就比男人敏感，她们可以轻易的察觉到男人的行为动机。争取她的认同是一种低价值的信息传递，男人会失去她的尊重。你不能像小狗一样通过摇尾巴来得到对方的喜爱，你需要的不是认同，而是尊重。女人不会和一个她自己都不尊重的男人相爱。</p><p>你需要学会如何通过间接的价值显示来吸引对方，把你的闪光点以间接的方法融入到你们的互动当中，让她不经意的察觉原来你有优秀。女人更愿意相信她自己发掘出来的东西！ </p><p><strong>误区3. 没有让女生合理化自己的兴趣</strong></p><p>男人对某个女性的兴趣，往往是由外表开始的。男人喜欢美女，进化心理学对此有一个非常合理的解释。那就是，男人在择偶的时候，更注重选择女性的繁殖能力，看能不能通过和这个女人的结合去改良自己的基因。</p><p>问题是，如果一个女人问你，你为什么喜欢她，而你却跟她很直白的说你只是喜欢她的外表的话，她是肯定不会接受的，哪怕你说的是真话！因为她知道她也会老，外表也会有退化的一天，这就意味着你对她的爱和资源投入会有终结的一天。</p><p>你必须要让她相信，你是被她自身特有特质而吸引，而且这些特质还必须是与她外表无关的内在美。确保你对她的爱和资源投入的持续性，是女人安全感的根本来源。 </p><p><strong>误区4. 需求感过强</strong></p><p>需求感指的是一方对另外一方的感情预期。你有没有试过因为该不该打电话给那个昨天刚认识的女生而忐忑不安呢？那感觉就是需求感过强的体验，因为你对她有了感情预期。双方需求感的差异会引致双方不同的时间差。</p><p>需求感相对较强的一方会觉得时间被拉长了，总是心神不宁地想和对方联系。也就是这样的原因，有些男人因为需求感过强而脑充血，隔三差五的给女生发短信打电话邀约。对他来说，因为时间观的拉长，让他觉得自己的行为没有问题，但在频频被骚扰的女孩子思维里，他的需求感会让她很不舒服。请控制你的需求感，别做那个急色的男人。</p><p><strong>误区5. 过于形式，却忽略了根本</strong></p><p>男人在和女人打交道的时候，往往过于拘泥在形式上的展示，而不是把心思放在“人”，的本身。</p><p>举个例子，很多男人在刚刚和一个女人约会的时候，会花大量心思去安排一顿大餐。但问题是，在他忙着向她展示出这个餐厅牛逼在哪里，该如何挑选和品尝红酒的时候，忽略了和女生的互动进行互动。整顿晚餐变成了他自己一人的独角戏。钱花了，饭吃了，酒喝了，但是就是和女生没有进展。</p><p>所以下次和女人约会，与其然花心思在“吃什么”和“在哪里吃”这些问题上，还不如花心思在两人的互动上。</p><p><strong>误区6. 不懂及时升级</strong></p><p>升级可以指物理上（触摸、性、等等）或者关系定位上（情人、男朋友、老公、等等）的升级。当一个女人愿意配合你的升级时，她的“升级窗户”即会打开。</p><p>当她的升级窗户为你打开的时候，你不能犹豫，必须进入。不是的话，这扇窗会随着时间的转移而关闭。这扇窗户往往打开的时间很短，原因是升级窗户打开的时候，会让女人的情绪处于一种极度不稳定的状态。</p><p>这种不稳定的情绪会让她非常不舒服。随着时间的推移，她的情绪会逐渐理智下来，引致升级之窗的关闭。所以，男人啊男人，该下手的时候，请尊重她，不要犹豫！</p><p><strong>误区7. 追，而不是吸引</strong></p><p>你不能追女人，只能吸引她。</p><p>“追”这一个概念包含着男方不平等、无条件的付出。男人追女人跑，一方付出一方获取，这种思维会限制你的求偶策略，让你陷入被动。相反，“吸引”强调的是男女双方平衡的投入和分享。</p><p>追是一种物理概念，而吸引则是精神层面上的概念，这是关键的泡妞秘籍。所以只有吸引她，你才能冲击她的精神和灵魂，让她甘心跟随你的节奏。只有思维被纠正了，男人才能从被动转为主导关系的一方。 </p><p><br></p><p style=""color:#999;font-size:13px;font-style:italic;"">更新时间：2021-02-01</p>",31,https://www.weiwei567.com/addons/mm_las/images/ktfl/ktmr.png
1958,成为VIP会员，可全面解锁所有课程哦！,"<p></p><p><strong>一、女生为什么会拒绝你</strong></p><p></p><p>最近这几年，一直在网络上有新闻说，哪个男生用什么浪漫的方式跟女生表白了，然而现实却是残酷的打击，结果十有八九都是女生拒绝了男生，为什么呢?</p><p>首先，大部分男生认为，只要我无条件的对这个女人好 ，她就会接受我的。其实这种观点是错误的。</p><p>现在女屌丝也有很多人追，更别说长得好看的女生了，你对这个女人好，给她买礼物，请客吃饭，陪逛街，当仆人等等这些行为，女生身边的很多追求者都会做，而且你永远跟那些人一样，走不进女生的心里。</p><p>兄弟，不是你做的不够好，只是你不知道女人会因为什么爱上你。然后你会发现，女生会喜欢上对她不好的“坏男人”，也就你们眼中的好白菜让猪拱了。</p><p>那么这里不是让你对女生不好，而是你必须知道那个坏男人做了什么，或者说了什么，才会让女人心甘情愿的爱上他。归根结底，女人被这种男人吸引了。</p><p>还有的兄弟，刚刚认识一个女生，见面才两三次，没牵过手，但是回家后，左右碾转反侧，忍不住跟女生表达自己的爱意。</p><p>这无疑让女生觉得你这人很奇怪，女人的感觉来的很慢，她会觉得你和大部分男人一样，只是为了她的容貌和身材喜欢她的。</p><p>自然而然，这个女生以后肯定不愿意再和你出来约会了，你等于自己放弃了和女生进一步发展的可能。</p><p>然后自己安慰说，我只是表达了我对她的感受，我没错啊。况且，我不早点告诉她，万一她喜欢上别人了怎么办。</p><p>兄弟，这种过早的表白往往暴露了你的需求感，你的身边女生不多这个事实。然而没有女生会喜欢这类男生的。</p><p>而身边不缺少有的男生约会两次就直接确立关系了，从而建立了两个人幸福的生活。</p><p>这是为什么呢?这是因为女生被这种男人吸引了，这种男人身上有种东西，你没有。</p><p>还有就是一些兄弟就更悲剧了，认为用金钱可以让女生喜欢上自己。当然，这里的拜金女除外，女生说想要什么，男生就会去买，女生说想要去哪玩，男生就请客，名义上的男女朋友，女生却说先了解了解，还得开两间房，兄弟们，悲催吗。</p><p>这是你想要的生活，我想肯定不是，你也想过和她在一起做羞羞的事，但是女生就是各种理由拒绝，有时候牵手还得看女生的心情。</p><p>这无疑就成为了女生的移动ATM，别告诉我，你不会认同我的想法。想想哪个女人不喜欢被别人宠着呢。</p><p>你会发现你给她用钱，给她花，她还找别的男生约会。知道为什么女生不愿意和你升级关系吗?因为你成了她的备胎。</p><p>而真正吸引她的是什么呢?是男人知道她真正要的是什么。她想要一个苹果，而你给了她一火车的梨。</p><p>有的兄弟比较幸运哈，女生跟他在一起了，但是你会发现，男生会很在乎女孩的感受，女孩发表一个观点，男生就盲目的同意，女生说哪个衣服她穿着好看，你却说她自己喜欢就行，殊不知这样的感情也不会持续太久，女生最终会离开。为什么呢?</p><p>同意女生的观点没错啊，不是说喜欢一个女生就给她整个世界吗，我爱她才什么都让她拿主意吗。兄弟，你要知道，女生最不喜欢的就是没有主见，没有自己想法，一味地附和自己的男生。</p><p>同样，在生活中勇敢的发表自己的意见和想法，会让女生觉得你是一个有主见，有想法，对生活有自己独到的看法的男生，往往这样的男生才是女生需要的。</p><p>所以，不要抱怨，也不要一味地迎合女生的想法和观点，勇敢的表达自己的想法，才是一个明智的男士该做的事情。</p><p>一个有主见，有自己想法的男生也是很吸引女生的。</p><p>另一种男生会说，美女是不是那些长得帅，家里条件好的男生才能追求的? 我很负责的告诉你，不。</p><p>一个人天生的容貌，身高，那是无法改变的。但是你的行为，你的言谈举止，都是可以后天培养的。</p><p>你不可能喜欢一个很漂亮的很傻的姑娘作为你的老婆，当然，女生也不会找一个很帅，很有钱，但是整天就知道打游戏的男生。</p><p>所以，相信自己，打造最好的自己才能遇见更好的伴侣。</p><p>说到这里，你可以去大街上看看，有几个好看的姑娘身边是很帅，很阳光的男生? 而那些美女身边往往是长得没你好看的男生。</p><p>所以，不要放弃自己，让自己变得更优秀。</p><p>
在现今社会，男人对于女性看中的只是她的身材好不好，气质好不好。对面走来一个美女，当然会有很多的男士行注目礼。</p><p>只要身材好就可以吸引男士，但是，什么样的男士吸引女士呢?</p><p>除了你的外形，女生更在乎你的谈吐，你的作风，你的幽默。</p><p>还有一种兄弟，总是在女孩子面前刻意的表现自己，去征求女生的认可、认同，但是你不知道这样很让女生反感的。</p><p>女生是找男朋友，而不是找个儿子，这话虽然重了点，但是很现实，放眼身边的朋友同事，以为自己追到了一个美丽的女人，整天像宝贝一样，捧在手里怕飞了，含在嘴里怕化了。这样的生活累不累啊?</p><p>你要知道刻意的去表现爱，去寻求女生认可、认同，会让女生更加相信你是一个不自信，没有魅力的男人，然而这样的关系也不会长久。</p><p>你只有从自己心底自信，这样才会让女生深深地被你吸引。</p><p>很多兄弟错误的认为，我给女生买她想要的东西，她一定会喜欢上我的。但是，你想不到的是，你通过给女生买礼物，满足她的需求，但是不能真正让她从心底爱上你，为什么呢?</p><p>因为你这是在交易感情，你认为给女生买礼物，贿赂她，这样她肯定会爱上自己。但这种观点十分错误的。</p><p>同样的道理，一个很丑的女生，给你买车，给你买房，想和你在一起，你会真正爱上她吗?</p><p>所以就不要再想着买礼物啥的贿赂女生，女生就会喜欢自己，这显然是在骗自己。</p><p>你有这些钱，可以去旅游，可以去健身，可以去学习知识。投资自己才是真正的爱自己。</p><p>你无法让没有被你吸引的女生爱上你，这里的吸引就是说，你的形象，谈吐幽默，风趣。</p><p>你很喜欢一个女生，简单的说你被她的繁衍价值吸引，你会更加的在意她，所以你就永远无法追到她。</p><p>而一个满满正能量，幽默风趣的男生有什么理由让女生拒绝呢?</p><p>从现在开始，过去的都让他过去，培养自己的爱好，多看一些时尚杂志，打造自己的形象，制定健身计划。增加一些兴趣爱好。学一些红酒知识。扩大自己的交际圈，认识更多的朋友。</p><p>兄弟们在和女生交往过程中，总是不断地向女生索取价值，会暴露你的需求感，从而降低你对女生的吸引。</p><p>我们该怎么做呢，我们应该通过展示自己的高价值去吸引女生。</p><p>在我们的生活中，遇到心仪的女生，总是把她当做女神一样，唯唯诺诺，女生是不喜欢这样的男生，女生只会被价值比她高的男生吸引。</p><p><strong>二、女生会被什么样的男生吸引</strong></p><p>
那么女生会被什么样的男生吸引呢？众所周知，男生选择女性伴侣的时候，往往比较注重女性的繁衍价值，什么是繁衍价值呢?就是女性的外在形象。</p><p>因为男性在漫长的进化过程中，判断一个女性是否有良好的生育能力和繁殖能力，而很多男性则错误的以为，女性在择偶这方面肯定也是看中男性的繁衍价值。</p><p>这是一个很错误的观点，因为从古至今男性除了繁殖能力，更多的还是他的生存能力。</p><p>在古时候，男性要保卫家园，要夺取资源，等等。以至于到现在男性还主导着社会的大部分资源，而女性则占有很少的资源。</p><p>所以一个女性在择偶的时候，她看中的其实是这个男人的生存能力，有没有能力更好地保护自己。</p><p>现代社会，女人衡量一个男人的价值指标就是这个男人的社交价值以及他的资源。说到这里，大家也都明白了，女人更在乎的是男人的什么了吧。</p><p>在这个物质充足的年代，女性更看中的是这个男人在生活和工作中有没有高价值的生存模式，以及这个男人会不会很幽默，风趣，和对生活的积极向上的心态，有没有一个稳定的情绪。</p><p>这些都是女性很在乎的，因为没有一个聪明的女性愿意生活在没有安全感的男人那里。</p><p>这里说到的安全感就是女人口中常说的安全感，即这个男人可以给她的精神资源和物质资源。</p><p>其实你知道一个女人想要的是什么才能真正的走进她的心里，才能真正的吸引她，但是千万不要刻意的在女生面前去表现，因为你过度地表现自己会让女生发现你很低价值，你很做作，我想你也不愿意女生这样想吧?</p><p>所以从现在开始，打造全新的自己，一个生活丰富多彩，对生活有品位有追求的男生才是最吸引女生的!</p><p>而幽默则是吸引的核心，没有女生愿意跟一个工作狂或者木头生活在一起。</p><p>有位作家说过，两个人的外表决定两个人能不能在一起，两个人的内在决定两个人会在一起多久。</p><p>所以在没有遇见更合适的女孩之前，请做好自已，让自己的形象更干净利索，穿衣更有品位，没有女孩愿意跟一个AFC(受挫的拙男)去逛街，所以穿衣很重要。</p><p>当然，如果你说话很幽默风趣，那么恭喜你，因为没有一个女孩会对一个风度翩翩的幽默男生有免疫力。</p><p><strong>三、什么样的表白才是正确的</strong></p><p>
有朋友说，为什么我跟我心爱的女生表白了，她反而会拒绝哦，我是真心喜欢她的。我相信很多朋友都会遇到这样那样的表白失败的问题。本来可以好好发展的女孩就因为一次表白让女生远远地逃离了你。</p><p>其实表白没有错，错就错在你用错了时间。</p><p>两个人刚认识，男生对女生就一见钟情了，喜欢的睡不着觉，早早表白了，女生当然会用各种各样的理由拒绝你了，因为你们还不熟悉，女生觉得你很肤浅，跟大多数男人一样只是喜欢她的外表，然而女生最讨厌这样的男生了，她愿意跟你在一起才怪。</p><p>还有一种情况就是，和女生约会好几次了，女生也愿意跟你出来，但是久而久之女生就不愿意出来了，这个时候着急跟女生去表白，女生也会拒绝，因为女生觉得跟你在一起挺开心，但是她只想做你的朋友。</p><p>你的一次表白让女生一点准备也没有，当然会拒绝了。有的男生，用自认为很浪漫的方式在女生宿舍楼下，在广场上求婚表白。</p><p>兄弟，我想说，你是不是电视剧看多了?可现实生活中它不是演电视剧。你这样做只会强迫女生做选择，无疑在拿自己的幸福做赌注。</p><p>换个角度，如果有个你并不讨厌，而且交往了一些日子的女生在你的楼下跟你表白，而周围有很多同学，或者路人，你会不会尴尬？你会不会也要面子拒绝呢。</p><p>同样的道理，你知道女生当时想找个地缝钻进去的心理了吧?所以，喜欢她，就不要让她苦于选择。</p><p>说到这里，有兄弟会问，是不是就是不能表白啊。不，可以表白。</p><p>但是我说的这种表白只是在你们确认了关系之后的一个表白，为什么呢，因为女生已经和你在一起了，你的表白只是对你们关系的证明。而这个时候女生也会欣然答应你。</p><p>有的兄弟说，那我以前表白失败的女生还有机会吗?可她现在有男朋友了，但是我还舍不得她。我很负责的跟你说，有机会。</p><p>但前提是让她看到不一样的你，你们之间还有感情联系。</p><p>表白失败后该怎么做呢？调整自己的心态，全面提升自己。分析你们两个人的问题出在了哪里，然后去改正。</p><p>这个时候不能一直去纠缠女生，这样只会让你们两个人的距离越来越远。</p><p>降低你们的联系频率，把重点放在生活和工作中;培养自己的兴趣爱好，多认识朋友扩大自己的交际圈;和女生的朋友处理好关系，让她朋友从侧面向她展示你的价值，你的蜕变。</p><p>有男朋友的女生，这个时候你做的不是去拆散他们，你应该等待机会的同时提升自己的价值，多认识异性朋友。</p><p>这样，你在提升自己的价值后，你的思想就会转变，因为你有很多可以选择的女性资源，如果你和那个女生情感联系不是很强的话，我建议你换目标。</p><p>表白死，只是一个你和女生关系的转折点，至于怎么发展还是可以操作的，前提是你的价值较之前高。​</p><p>说了这么多，看到这里的兄弟是幸运的。咱们一共说了三个话题，女生为什么会拒绝你，女生会被什么样的男生吸引以及什么样的表白才是正确的。</p><p>兄弟们，只有知道自己想要什么，你才能主宰自己的命运。</p><p><br></p><p style=""color:#999;font-size:13px;font-style:italic;"">更新时间：2021-01-29</p>",31,https://www.weiwei567.com/addons/mm_las/images/ktfl/ktmr.png
1957,成为VIP会员，可全面解锁所有课程哦！,"<p></p><p>从古至今男女交往的核心只有一个，那就是吸引。有很多兄弟都知道是吸引。但是却不知道该如何做起，到底怎么吸引。</p><p>废话不多说，直接进入咱们今天的主题——吸(liao)引(mei)。</p><p>在说咱们男人如何吸引女人之前，先跟大家聊一下咱们男人是怎么被女孩子死死吸引住的。</p><p>我们会被什么样的女孩子吸引? 当然是个子很高，皮肤白皙，胸很大，腿很长，屁股很大，长的非常漂亮，很nice的妹子，繁衍价值很高的妹子所吸引，是她们的繁衍价值吸引住了兄弟们。</p><p>说完女生，再说咱们男人靠什么吸引妹子，那就是生存价值。</p><p>什么是生存价值，就是你的财富，地位，你的社交圈等等，除了生存价值，在现在这样一个社会当中，男人的繁衍价值也开始越来越重要，不光是你的器大活好。</p><p>哈哈哈，你长的帅不帅，高不高，包括你的性格阳光不阳光，性格体贴不体贴，是不是对于兄弟，朋友，女孩子都很大气，这些都是你的繁衍价值。</p><p>把这两个价值全部加起来，就是你作为一个男人的主要价值。你的价值影响着吸引妹子程度的高低。</p><p>如果说在一个社交场合里，你总是一个躲在角落里，一言不发，玩手机，或者盯着一个美女看，也不敢跟她们去交流，展现你的价值，那么随着时间的推移，你年纪大了，找到漂亮妹子的机会就非常低了。</p><p>当你有了自身的价值以后，你也要学会怎么去正确的展现你的价值。展示要是自然而然的，而不是刻意，刻意就会显示你的社交直觉很低。</p><p>给大家举个例子，假如说今天是小A的婚礼，主角是小A，但是小A的朋友小B在他的婚礼上，又是唱歌又是跳舞，去吸引女孩子的注意力，风头全部盖过了小A。这种行为在女孩子眼里看来，就是很不舒服，情商很低的一个行为。</p><p>当你的价值合理的展现出来，你就会对妹子产生了愉快发展的第一步——吸引。</p><p>那么接下来，再给大家分析一下两性的择偶偏好，解释一下为什么女孩子会有备胎的这样一个情况。</p><p>如果做为一个男人来说，他可以要一百个后代，假如他在一个月的时间跟一百个妹子上床，假如一次就能搞定，在十个月之后就会有一百个孩子。男人要的是量。</p><p>女人跟男人有很大的不同，她们要的是质，这也是她更注重于生存价值的原因，她十年才会有十个孩子。</p><p>所以女人天然地就要做筛选，选择很多备胎，在她一生当中她要骑驴找马，找到一个价值高的男孩子，才能让他在她身上播下神奇的种子。</p><p>而且你们要知道，只要长得漂亮的女孩子，都会有备胎。有很多兄弟们心里接受不了这一点，但是七哥告诉大家的是，当你被作为备胎，其实你还是有很大的机会转正的，这也是现实。</p><p>要么你就提升价值，要么你就好好学习。</p><p>男人是想要播种的生物，女人是要选种的生物，很多人都想在她身上播种。</p><p>那么兄弟们又有疑问了，我该怎么样做能在她身上播种呢?</p><p>告诉你其实只需要满足两个条件：</p><p></p><p>1. 你的价值是不是足够高;</p><p></p><p>2. 你愿不愿意把这些价值持续的提供给她。这也是女人口中常说的安全感。</p><p>满足这两个点，就可以死死的吸引住女孩子。</p><p>而且兄弟们，你们在跟女孩子互动的过程当中，一定要懂得妹子的频道，跟她能聊到一起去，频道对了，你们就会快速的有结果。</p><p>正因为女孩子选种的机制，所以她要用很长时间去了解你，如果你每一次了解都加分，那就离你们在一起不远了，很多兄弟们败就败在了这里，很自然的事情，被卡住了。</p><p>总结了三种在把妹过程当中，你们常犯的错误：</p><p>1. 没有吸引女孩子，也没有建立舒适感，联系感，就想约出来，跟妹子发生关系。</p><p>这是最被女人唾弃的行为。管不住自己生殖器的男人，只能被称之为男孩。</p><p>2. 总是跟妹子去建立舒适感，联系感。</p><p>一直在跟妹子不咸不淡的聊天，也不敢去跟女孩子开玩笑，更不敢跟妹子有肢体上的接触，不敢去升级关系，时间一长，妹子就会把你定义为一个老好人。这也是大家经常说的，进入了友谊区。</p><p>3. 职业玩家。</p><p>什么是职业玩家呢? 就是对妹子有吸引，但是没跟妹子去建立舒适感，以及联系感，快速的跟妹子升级关系，最后发生关系，这种情况经常发生在夜店场所，女孩子第二天醒来，她会事后反悔。</p><p>“天哪?我跟这个男人还没认识多久，我也不了解他，我怎么就莫名其妙的被他睡了? 他肯定是个坏男人，我要拉黑他，在也不要跟他联系了。”</p><p>在文章的最后，再给大家深度的分析一下，吸引力开关有哪些。</p><p>当兄弟们你们进入一个黑暗的房间里面，你们想做的第一件事是什么?</p><p>就是打开开关，让灯亮起来，如果你想让女孩子对你亮起来，你也要打开她身上的那些“开关”哈哈哈哈，不要想太多，兄弟们。</p><p>那么开关在到底哪里?</p><p>1. 你是不是雄性领袖?</p><p>在KTV里面你是不是带领大家做游戏的，在夜店里面，当遇到了特殊情况，是不是兄弟们都去找你解决，你是不是你们组合当中的“大哥大。”你是不是跟所有人都打成一片。</p><p>2. 你跟女孩子在一起你是不是很自信，还是很自卑，扭扭捏捏，说个话都脸红?</p><p>3. 你是不是大方?</p><p>对你的兄弟们，对妹子们正能量还是一直抱怨，负能量。</p><p>4. 你是不是幽默风趣的，敢去开妹子的玩笑，敢去刺激她的情绪?</p><p>5. 你是不是细心的?</p><p>会在约会的时候照顾她，帮她去拉凳子。过马路的时候牵她的手。</p><p>吸引力开关还有很多，除了上面给大家列举的这些，还有我最开始提到的地位，财富，身材，性格等等等的。这里就不跟大家一一去列举了。</p><p><br></p><p style=""color:#999;font-size:13px;font-style:italic;"">更新时间：2021-01-30</p>",31,https://www.weiwei567.com/addons/mm_las/images/ktfl/ktmr.png
1956,成为VIP会员，可全面解锁所有课程哦！,"<p></p><p>当你以一种“追”的姿态向女生索要爱时，其实你已经走在了错误的路上。在这个世界上，如果不是出于爱，没人喜欢索取者。吸引永远比追逐有效。想要打败你的竞争对手，不妨用吸引而不是追求的方法。</p><p>女生在恋爱中，会有些盲目。但是在恋爱之前，女生比男生聪明很多。要知道，女生天生是懂得如何培养备胎的，一味的对她好，只会让自己永远做个备胎。当然，备胎也不是完全没有机会，那就要看你的运气了。</p><p>这里举个例子：一个漂亮的MM，同时有3个男人展开攻略。</p><p>1号男：个性比较内敛，但是追得比非常积极。每天送早餐，送晚餐，道晚安，下雨天打伞在楼下候着，手机24小时开机，洗澡都带着手机。</p><p>2号男：把重心放在自己身上，学这个学那个，骑马、摄影、旅游样样都会，偶尔会和别的MM出去玩，但是对这个MM表示情有独钟。</p><p>3号男：企图靠money上位的多金男，MM说喜欢陶瓷的Hello Kitty，他偏要送一个镶钻的。你说喜欢看电影，他给你包了整个电影院。</p><p>到底哪个男生会对女生产生真正的吸引呢？无疑是第二个。1号男企图用行动来收买女神，3号男企图用金钱来收买女神。其实，本质都一样。</p><p>只有当你吸引力足够，又坚持做自己，和对方保持平等关系的时候，才有可能在众多追求者中脱颖而出。</p><p><br></p><p style=""color:#999;font-size:13px;font-style:italic;"">更新时间：2021-01-30</p>",31,https://www.weiwei567.com/addons/mm_las/images/ktfl/ktmr.png
1955,成为VIP会员，可全面解锁所有课程哦！,"<p></p><p>对女人的吸引力关键并不止于你的言语，你的身体语言所传达的意味更重要。</p><p>有人说过90% 的交流是通过非言语信号来完成的。如果你没有正确展示身体语言，那么就算使用最好的话术套路也无济于事！</p><p>解决办法很简单：如果你想展示高地位，你就必须释放出正面的身体语言。当你这样做时，你就会被认为是一个具有自信和统治力的男人！</p><p>下面有六个方法来让你在女人面前展示无与伦比的身体语言：</p><p><strong>1. 根除软弱的身体语言</strong></p><p>女人能迅速觉察出一个男人是否自信，因此为了迅速进行改进，你必须对你展示出的身体语言特征变得敏感起来。</p><p>例如，一些软弱的特征可能是：</p><p>– 你的手放在口袋里</p><p>
– 坐立不安或显示出紧张的能量</p><p>
– 和人交谈时手臂交叉着</p><p>
– 耷拉着脑袋或肩膀下沉</p><p>
– 在社交场合显露出不舒适的表情</p><p>
– 没有占据空间</p><p>
– 无论到什么地方去，走得都很快</p><p>
– 和女人初次交谈时靠向她们</p><p>有趣的是，只要通过消除这些行为你就能显著地改变你的身体语言。</p><p><strong>2. 改进你的站立姿势</strong></p><p>你站立的方式能很大程度地影响到别人对你的看法。</p><p>下面是关于你应该如何站立的一些规则：</p><p>– 保持下巴和头上扬。</p><p>
– 保持两脚和双腿分开，与肩齐宽。</p><p>
– 保持双手在身体两侧，或者只有一只手拿着饮料，放在身前（即在酒吧环境中）。</p><p>
– 保持背部挺直。</p><p><strong>3. 占据空间</strong>
 
世上自信的男人是不会害怕他人的，在社交场合尤为如此。</p><p>消除恐惧的最易方法是，无论你去往何方都占据空间，以微妙地显示出你的控制力和领导力。好消息是做到这一点是很容易的。</p><p>不管何时当你在公共场合中，试着稍微扩展一些。当你被其他人所包围时，不要向内收缩，而要把身体放在合适的位置上以使你占据最大量的空间。</p><p><strong>4. 放松</strong></p><p>自信的男人总是在任何情况下都显示出放松的姿势，因此，如果你想展示高地位的话，你就必须在女人面前显示出随遇而安的态度。</p><p>通过展示一种放松（但仍很自信）的态度，你就显示出生活中的那些琐事是不会干扰到你的。</p><p>下面是一些具体的方法：</p><p>– 在交谈中把目光集中到对方身上。</p><p>
– 在酒吧里和女人谈话时，向后靠，并显示出你很舒适的样子。</p><p>
– 决不让你的眼睛快速扫视整个房间。</p><p>
– 在坐着的时候舒展身体，并显得很舒适的样子。</p><p>
– 腹腔呼吸而不是胸腔呼吸。通过显示出放松的姿势，你就展示了一种没有紧张的内在的身体语言特征。</p><p><strong>5. 深思熟虑地移动。</strong></p><p>低地位的男人跳来跳去，随时准备着取悦女人。因此，他们展示出带有“需求感”的身体语言。不要显示出你已经“随时准备好了去取悦”的意味，而要显示出你是为了你自己的目的进行移动的。低级的雄性的核心特征之一就是，他们总是随时准备着去为女人效力。如果某人需要帮助，那么贝塔雄性就立即冲在前头。</p><p>不要显示出这样的内在个性特征，而应当缓慢地移动，并且带着一种深思熟虑的姿态。通过对每一部都采取深思熟虑的行动，你就会迫使别人把注意力集中在你的步调上，而非他们的步调上。</p><p><strong>6. 侧着脸</strong></p><p>在初次和女人交谈时，你不要使你的意图看去很明显。不要在初次搭讪时侵犯她的空间，而要让她感到轻松愉快。做到这点的最佳办法就是避免直接面对女人。</p><p>身体语言的一条准则就是，当有人直接面冲我们时，我们就会感到不舒服。所以，不要把自己放在处于她（或一个团体）的正前方的位置，而应该从侧面来接近她。如果你以侧面对侧面的方式或以一定角度来接近，你就会减小她的紧张和压力。这会有助于表明，你没有为了交谈的结果而在情感上进行过度投资。</p><p><br></p><p style=""color:#999;font-size:13px;font-style:italic;"">更新时间：2021-02-01</p>",31,https://www.weiwei567.com/addons/mm_las/images/ktfl/ktmr.png
1954,成为VIP会员，可全面解锁所有课程哦！,"<p></p><p>既然女生已说，是爱而不得的人，说明女生虽然心中有他，但由于种种原因他们并没有在一起，而你们就不一样了，因此你要相信自己是比那个男生更有优势的。那么该如何才能让她忘掉那个得不到的他，占据她的内心呢？</p><p><strong>一、提高自己在对方心中的价值</strong></p><p>要打败对方心中的他，就必须让自己在对方心目中的价值比他的更高。强化自己的形象建设，改变单调的生活方式，扩展知识面积累谈资，改造自己的社交圈形象等等，让对方觉得自己是比他更优秀的人。</p><p>其次，经常出现在她的生活中，制造不经意的偶遇，会引起她的注意和好奇，为你带来更多机会。另外，还可以向她心目中的他学习，成为她喜欢的类型。</p><p><strong>二、展开主动追求</strong></p><p>内向并不能成为你在这段关系中被动的理由，内向的男生也可以主动展开追求。女生在刚开始时一般会表现得比较矜持，这时需要你厚起脸皮主动去追求，即使遭到一次两次的拒绝也不应气馁。</p><p>一般女生总是善变的、害怕受伤的、比较保守的，当你突然进入她的生活，她会无意识地制造一层保护的外壳，这时就需要你积极地去打破外壳，与她建立互相信任的关系。</p><p><strong>三、切忌盲目表白</strong></p><p>盲目的表白不仅容易造成表白失败，还会影响对方对你的看法。许多人约会了两次就认为可以表白了，实际上这种超越阶段的要求，会让女生觉得非常没有安全感。</p><p>还有的人不怕拒绝，三番五次地表白，更加惹女生厌烦，如果你并没有赢得女生的心，女生并不会因为再三的表白而接受你。</p><p>正确的表白方式，应该是在女生对你有明确的好感和交往意愿时，当你们之间已经是实际的情侣关系时，在一个相对私人和气氛浪漫的空间对女生表露真心。</p><p><br></p><p style=""color:#999;font-size:13px;font-style:italic;"">更新时间：2021-02-01</p>",31,https://www.weiwei567.com/addons/mm_las/images/ktfl/ktmr.png
1953,成为VIP会员，可全面解锁所有课程哦！,"<p></p><p>这个问题很好，事实上，女孩本质上喜欢比自己年龄大的男人。因为这样的男人更加成熟、稳重，更有魅力和男人味。</p><p>只是在和年纪轻的妙龄少女相处时，有以下几点你要注意：</p><p><strong>1. 不要做她爸爸</strong></p><p>妙龄少女刚刚从他爸爸那里解脱，变得相对独立。所以她找男朋友不希望再找一个爸爸。不要总是对她管东管西的，和做任何让她感觉你像她爸的事情。</p><p><strong>2. 在刚和她接触的时候，不要对她毛手毛脚</strong></p><p>毛手毛脚是那些十七、八岁的小朋友做的事情，而且是没有任何吸引力的，而且年轻女孩她们总是提防这个。成熟的男人不这么做，成熟的男人在过马路的时候轻轻搭着她的手，过完马路立刻放开，继续交谈。</p><p>当她靠近你的时候，你反而要告诉她不要靠你太近，这样她越想靠近你。</p><p>如果她来到你的卧室时，你不要紧贴着她坐。如果你们在交谈的时候她有意无意摸了你一下，你不要去摸回，开玩笑和她说“不要吃我豆腐……等等……看你可怜巴巴，让你吃一下，只准你摸我一下。”</p><p>放慢脚步，先建立信任。用我教你的建立吸引，然后巩固吸引的方法。</p><p><strong>3. 千万不要试图去改变她</strong></p><p>18-23岁的妙龄女孩变化很大，她们总是今天有这样的想法，明天有那样的想法。不要对她指指点点，不要教育她，不要试图去改变她。</p><p>很多男人，特别是比她们大的男人，会有一种冲动去给这些女孩教育，给她们建议，什么人生指导之类的。</p><p>她们已经受够了太多的教育，来自爸妈，来自老师，学校，来自社会等等。所以，她们不需要你再给她们更多的教育。</p><p>你要做的是去欣赏她，去期待她的变化。如果你这么去做，你会发现妙龄少女真正美妙之处是在于她们总是会给你惊喜，这种惊喜对你的吸引力会远远大于她的容貌和身体。</p><p>这也就是为什么那些真正成熟的男人，在他们40-50岁的时候，总是喜欢和那些年轻的小姑娘在一起。记住，绝对不是因为容貌。</p><p><strong>4. 不要去追求她，而要去吸引她</strong></p><p>我想说的是，真正有吸引力的妙龄少女，总是被很多和她们同龄的男人围追着，像苍蝇一般。</p><p>她们之所以会去选择比自己年长的男人，就是因为她们觉得成熟的男人不会这么去做，成熟的男人更懂得如何去吸引女人。</p><p>所以如果你想和一个比你年轻的妙龄少女在一起，这一点至关重要，千万不要让她们失望。</p><p><br></p><p style=""color:#999;font-size:13px;font-style:italic;"">更新时间：2021-01-31</p>",31,https://www.weiwei567.com/addons/mm_las/images/ktfl/ktmr.png
1952,成为VIP会员，可全面解锁所有课程哦！,"<p></p><p><strong>正直</strong></p><p>正直是一个男人对自己的要求，而不是他评价别人的标准。对自己要保持言行一致，女人能从你的言行中判断你是不是虚情假意。敢作敢为、勇于承认错误，女人们对这样的特质有一种近乎本能的识别能力，而且会不可抗拒地被它吸引。</p><p><strong>勤奋</strong></p><p>“认真工作的男人最有魅力。”这句心灵鸡汤从一个侧面体现出，男人的上进与野心能很好地吸引女性的青睐，勤奋会从更深的层次展示出男人这些方面的特质。懒散的男人让女人绝望，因为她们认为自己很难和这样的男人一起获得更好的人生。</p><p><strong>不嫉妒</strong></p><p>嫉妒是不自信的表现，只会降低你的价值。嫉妒具有进攻性，让女人觉得与你的交往很危险。</p><p><strong>保护欲</strong></p><p>女性在择偶时，除了挑选身体健康强壮、头脑聪明、资源丰富的男性之外，还要求这样的男性能主动为自己提供资源，在外部因素形成威胁时能保护自己和后代，对自己也要有无微不至的照顾。因此，会照顾女性的男性会得到优待。</p><p><strong>冒险精神</strong></p><p>第一个敢于吃螃蟹的人，往往能成为一个成功者。敢于冒险的人会显示出令女人倾慕的勇气。主动设计一些具有冒险意味的活动会让你魅力大增，比如安排户外运动作为约会内容。</p><p><strong>信念和原则</strong></p><p>信念和原则决定了你的框架。坚持自己的追求和底线，能够让一个男人始终主导关系的进展。女人喜欢与这样的男人来往，因为这样的男人能够“驾驭”自己。</p><p><strong>善于赞美</strong></p><p>没有一个女人不喜欢听到男人的赞美，区别仅在于赞美的水平如何。随着你们对彼此的了解不断加深，她也希望知道在你眼中的自己是什么形象。赞美她并不是目的，而是强调她和你在一起时更与众不同。与懂得欣赏自己的男人在一起，女人才会更有魅力。</p><p><strong>袒露心扉</strong></p><p>你要知道什么时候该生气，什么时候该着急，什么时候该真情流露。感情丰富的男人才能给别人爱。袒露心扉可以让她知道你是在乎她、爱她的，并因此与你的关系更进一步。毕竟你私底下偷偷幻想再美好的事情，如果不表达出来，她也永远无法发现。</p><p><br></p><p style=""color:#999;font-size:13px;font-style:italic;"">更新时间：2021-01-31</p>",31,https://www.weiwei567.com/addons/mm_las/images/ktfl/ktmr.png
1951,成为VIP会员，可全面解锁所有课程哦！,"<p></p><p>怎么样变得受女生欢迎呢？这里介绍一个好方法-「冷读」。冷读可以迅速提升女生对你的好感度。</p><p><strong>冷读</strong></p><p></p><p>—— 在不知道或者不了解对方信息的情况下，说出关于对方性格或者心理状态的分析。其主要原理是，通过都是模棱两可、具有双面性、或者是所有人都有着的共通性的观点陈述去引导对方，让对方自己根据自身的情况套入到冷读的内容里面，听后觉得你的分析很准确。</p><p>冷读的作用是让对方觉得你比其他人更了解她，瞬间把你和她的距离缩短。</p><p><strong>一、冷读的原理</strong></p><p>冷读其实是一种心理游戏，它主要运用了3种原理：</p><p>1. 具体化原理。是指人会倾向将笼统模糊的资讯，转换为具体实例后再去理解。</p><p>2. 补充原理。是指人会对不完整、不明朗的状态感到不舒服，而下意识的将其补充完成。</p><p>3. 主观原理。是指人在听别人说话时，会有将别人说话的内容套用在自己身上的倾向。</p><p><strong>二、冷读的核心</strong></p><p>冷读的核心是“解析”而不是“猜”。</p><p>其实冷读是在解析和陈述我们对女生的感觉，去合理化对方的思维，而不是在猜测对方的状态。很多人往往只是说出了一个理论，但没有合理的解析，这会让人感觉你说的话只是为了套近，而没有真正了解到她，效果反而更糟糕。</p><p>冷读不能太多书面语，类似“即使面临危机，以为已经无望时，最后突然出现贵人来相助，你过去的人生中有好几次这样的经历，经常受到贵人的保护。”这样会弄得自己好像跟算命先生一样奇怪。我们需要的是以一种普通的角度去陈述出看似专业的分析，更生活化的描述，因为这样能让人的潜意识更容易接受。</p><p>在使用冷读时最好加上“我觉得”或者“我感觉”等主观性的语句，区别在于没有这些词语出来的效果显得过于客观，可能任何人都会有这样的感觉，但是加上主观性语句后会使听者觉得这是你的感受，会使你和她的距离缩得更短。</p><p>另外，就算你冷读的冷读错了，也可以解析为这是“我的感觉”，并没有说一定是对的说辞。在运用的时候必须要肯定和自信，因为当你说出来时连自己都没有底气，那女生只会觉得你不够说服力，她自己会找到另外的理由或者论证来推翻你的冷读。</p><p><strong>三、冷读的格式</strong></p><p>冷读的格式通常是前一句结论，然后再加上一句合理化的解析来让事情看起来真的是对的，比如：“你给我的感觉是一个社交能力很强的人，或者是因为你接触社会比较早吧。”   </p><p>为了避免看起来在主动找话说套近，所以每次冷读都需要有一个引发点。对方主动想了解的事情比你自己单方面陈述的效果要更好。</p><p>比如你要说你小时候的事情给别人知道，先提起自己小的时候，然后让对方代入其中，和你分享她的小时候的事情。总比你跟她说“我现在告诉你一个故事”为佳。</p><p>上边的描述可能比较抽象，接下来就让我们一起看看冷读的具体实例：</p><p>在开始互动的头5分钟内可以运用的冷读。</p><p>如果感觉对方是个成熟、比较理智、冷静、稳重的人，多数是家里的老大或者有经历的人。</p><p>“你应该是家里排行老大吧？”</p><p>“为什么这样说？”</p><p>“完全看得出来。”</p><p>“为什么？”</p><p>“因为你说话的时候带着一种天生保护别人的感觉，我觉得你应该是一个比较会体谅人的人，应该会是一个好妈妈。”</p><p>如果感觉对方是个言行比较活泼、单纯、带有一点点任性的感觉，多数是家里最小的孩子，或者独生子女（现在很多家庭都是独生子女）。</p><p>“你应该是家里最小的那个孩子或者是独生吧？”（把独生放在后边，因为很多人都是独生，强调的效果会放大，而且人的注意力在句子的后部。）</p><p>“是的。”</p><p>“完全看得出来。”</p><p>“为什么？”</p><p>“因为你说话的时候带着一种天生被保护着成长的感觉，你平时应该是有点点小任性，但性格应该是比较活泼开朗的那种。”</p><p>根据人的双面性，可以对于一些感觉比较成熟、冷静、理智、稳重的人这样冷读：</p><p>“可能很多人在刚开始接触你的时候都会觉得你比较理性，总呈现着成熟的一面，但我看得出来其实你内里有着小女生的一面，你希望别人多点迁就你多点疼你。”</p><p>根据人的双面性，可以对一些感觉比较任性，或者有孩子脾气的人这样冷读：</p><p>“可能很多人在刚开始接触你的时候都会觉得你很孩子气，做事情不够稳重，但我看得出来其实你内里是一个成熟的人，你有着自己会想的一面。”</p><p>在建立了一定的舒适感之后，这句冷读可以在任何时候使用：</p><p>“其实我觉得你是一个感情丰富的人，只是有时候你不懂怎么去表达，这会让你身边的人误会你，觉得你不愿意坦诚，像你这样的人往往好的朋友都会特别了解你，会和你关系特别铁，但另一些人你就会把他们拒之门外。”</p><p>这句话应用了推拉、自我代入等技巧，让对方觉得你很了解她。</p><p>对于一些长得比较漂亮或者外在条件比较优秀的女生，是一句非常实用的冷读：</p><p>“不知道为什么，可能很多人在刚刚认识你的时候都不会这么说，但我觉得其实你并没你外表看起来这么自信。可能很多人觉得你身材挺好，或者样子也不差，都会认为你比较满意自己。但我看得出来，其实在私底下你会在一些方面怀疑自己，你对自己并没有那么自信。”</p><p>这句话利用了每个人都有的潜在不安全感，刺激对方的敏感面，让对方能够在受到一点点的尴尬和理解同时，会掉头来去争取你的认同。</p><p>当感觉到对方只是出于礼貌而附和你的话题笑一下，但并不是出于真心的回答时，可以说：</p><p>“你有时候会用笑来掩饰你真实的感情，其实在我面前，你可以做回你自己。”</p><p>对于平时话少，或者比较冷静的人，适合用冷读来引导出更真实的一面。</p><p>“平时可能你会比较文静，但我从你的眼睛里能看得出来，其实你有着狂野的一面，你心里装着一只小野兽，但你不会轻易表现出来，特别是和你不熟悉的人。”</p><p>在感觉到女生情绪不太稳定或者看起来是有心事的情况下，可以直接的陈述：</p><p>“我感觉到你最近好像遇到不顺心的事情。”</p><p>通常很多女生爱玩，言行比较随意，可能她私底下也没有严格的要求自己，然而这一点可能连她自己也没有意识到。但是根据冷读具体化原理，她会把自己一些模糊的概念具体化，如果从你口中说出来，效果更会被放大：</p><p>“从你的行为看得出来你平常会比较随性，但私底下你应该是一个对自己要求挺严格的人。”</p><p><strong>四、经典递进式冷读</strong></p><p>这是一个典型，渐进式的冷读过程。随着目标对你的兴趣和吸引加深，你冷读的内容可以越来越深入和锐利。（注意：冷读的深度应该和吸引形成比例，如果吸引没有跟上冷读的进阶，那么冷读可以引致女生反感，形成反效果。）</p><p>“你是一个跟着感觉走的人，性格比较直率，甚至有点急性子，而且我觉得可能有些人会认为你做事情不够成熟，有时候有点小孩子脾气，但其实你有着成熟的一面，你有着一些自己的想法。”
 </p><p>......</p><p>“并且我觉得其实你是一个感情丰富的人，只是有时候你不懂怎么去表达，所以会让身边的人误会，但要是和你好的朋友就会特别的铁。” </p><p> ......</p><p>“我对你不熟悉，但这是你给我的感觉。我不知道对不对，但在人生当中能遇到能读懂自己的人其实真的不容易。”（其实最后那一句就是在说我能读懂你，“我不知道对不对”是用来调节的。）</p><p>......</p><p>“而且有一点我是没有说的。我觉得你不太容易相信人，和别人相处的时候会启动着一个保护罩，不会以真实的自己去面对其他人。很多时候，其实你并不快乐。”</p><p>...... </p><p><br></p><p style=""color:#999;font-size:13px;font-style:italic;"">更新时间：2021-02-02</p>",31,https://www.weiwei567.com/addons/mm_las/images/ktfl/ktmr.png
1950,成为VIP会员，可全面解锁所有课程哦！,"<p>
            对于大部分上班族来说，工作时间内的成长是稳定的，大家都在工作中不断汲取经验教训不断成长，常规状况下很难拉开差距。这期间如果能抓住工作之外的时间加以利用，就是一个加速进步的办法。这是我个人在生活中坚持的几个理念：
提高工作效率，提升专业技能，累积专业领域内的工作时长（10000小时理论）</p><p>利用碎片时间</p><p>削减非必要的娱乐与社交</p><p>适度削减睡眠时间（这个具体看人了）</p><p>一天24小时，工作8小时，睡眠8小时，那人还有7小时拿来自我提升，但7小时里人要吃喝拉撒，要与人交流，时间被不断的分割，如果不对碎片时间加以利用，相当多的时候，一天忙忙碌碌就过去了。以上是理想情况，事实上，很多人一天工作不止8小时，睡眠也不够8小时，那空闲时间也更少更细碎。人有支配自己时间的自由，但人也要学会对时间和自己的选择负责。</p><p>你可以选择挥霍碎片时间，抓住一切的机会掏出手机玩玩游戏刷刷微博，几分钟几十分钟不经意的溜走，你偶然醒悟一下，觉得心里隐约不安，可转念一想：“工作生活这么累我玩玩手机怎么了，不就是几分钟几十分钟么，想学习充电的话，周末休息时补回来，假期里学习学习补回来。”</p><p>周末了，你睡到11点，起床吃点东西区超市采购逛逛，回来理理房间洗洗衣服，期间玩玩手机打几通电话抱怨下工作累钱又少老板是个大傻{哔}，不经意抬头发现天色已晚该吃晚饭，吃过饭坐在电脑前想看看书，可又突然发现好像综艺节目没有看，电视剧没有看，于是又是看看电脑又到半夜。睡前灵光一现觉得不安，“明天补回来！”</p><p>明天和朋友逛街了，和同事下馆子了，在家刷淘宝了，假期去穷游了。周一：“工作生活这么累我玩玩手机怎么了，不就是几分钟几十分钟么，周末休息时补回来，假期里学习学习补回来。</p><p>然后呢？</p><p>对于一个热爱生命的人来说，几分钟的碎片时间和两小时一样宝贵，因为它们是构成生命的元素，流逝了便永不再来。</p><p>对于一个想前进的人来说，几分钟的时间会加以利用，几小时也会加以利用。因为一个想玩的人，什么时候都会玩。
 </p><p><br></p><p style=""color:#999;font-size:13px;font-style:italic;"">更新时间：2021-01-31</p>",31,https://www.weiwei567.com/addons/mm_las/images/ktfl/ktmr.png
1949,成为VIP会员，可全面解锁所有课程哦！,"<p></p><p>男生都会有很多如下问题：“我要怎么穿才能吸引女生啊？”“怎样地开场白才能吸引女生啊？”“如何在一堆追求者中成为最吸引我女生的那一个？”</p><p>男人们好像一直在思考，女人到底会被什么东西所吸引?要怎么做才能吸引到她，让她成为自己的女人。</p><p>这确实是个问题，但是各位男性朋友们，你们有没有想过即使你买到了吸引女神的礼物，在一堆追求者中穿搭得十分亮眼有品位得到了女神的注意。</p><p>然后呢？然后怎么做？再去一步步地为了满足女神的想法，去绞尽脑汁？笨！</p><p>女性的思想和行为核心是“情感”，情感的变化永远比你客观上的变化来的快，女性的社交直觉天生高于男性，当你还在为迎合女神苦恼时，她已经把你踢到了她身边的好人区，给你颁张好人卡，让你看她和其他高价值男人眉来眼去。
好吧，这下你花了钱，花了心思，结果什么都没得到。问题出在哪里？</p><p>你觉得你对她足够好了，送了她三万的铂金包包，可以她和那个搞艺术的穷画家跑了。</p><p>你怎么都想不通。这就是“吸引力”，掌握了什么是真正吸引力的秘密才能真正的在把妹过程中如鱼得水，而这个画家则是运用了正确的吸引力成了你女神的男人。</p><p>被颁“好人卡”的男人们，一直处在被动的状态，像是围绕太阳的行星，在女神的光芒中晕眩，却永远无法触碰。</p><p>我们身边有很多这样的男生，他们相信自己这样的付出总会被女生理解，会感动她们，会追到她们，比如——</p><p>1.  追求女人应该尽心尽力，而且要让她看到自己有多么用心。用这样的方法就能证明自己有多爱她，而作为回应她会喜欢我。</p><p>2. 如果自己喜欢上了一个女人，就应该对她讲出自己的秘密，包括告诉她，你有多喜欢她。</p><p>3. 跟自己喜欢的女人相处的时候，要保持自己言行的谨慎，行为举止要经过大脑思考，好好判断一番，看是否合适。只有这样才不会惹恼女神。</p><p>4. 知道她喜欢的颜色，她喜欢的品牌，她想吃的甜品，她想要的礼物，好的，我努力工作，全部满足她，我对她这么好，她喜欢我给她的一切，她也会喜欢我的。等等类似的，这是他们共同相信的。</p><p>然而，我们可以发现，这样的男生基本都是单身。为什么？</p><p>你明明在做吸引女神的事情，在满足女神的一切需求，为什么并没有什么用。这就是“吸引力的秘密。”</p><p>打个比方，女人喜欢的钻石，闪耀着光芒，静静地躺在柜台里，都会有无数女人双眼放光想尽办法去拥有它，为什么？是因为它们的美丽。</p><p>但如何证明它们内在的价值，确实就比较为难。那些价值和美丽似乎源自天生，因为与众不同，所以被世人追逐和喜爱。男人吸引女人，也是一样。</p><p>比如，一个男人接近女孩，希望得到对方的电话。如果这个女孩稍有迟疑，没有表现出许可的样子，他就会放弃进一步的索取。为什么？</p><p>因为我们需要由别人来评定，来取得别人眼中自己的形象。普通人的自我怀疑让自己失去自信，一味寻求着他人的认同，然后参照别人来界定自己的需求。</p><p>例如弗洛伊德等于经典，没车没房等于“屌丝”。想想吧，你可以在女人大脑里留下一个印象：你是一个具有非凡吸引力的男人。</p><p>一旦单纯的自信引起别人的共鸣，整个社会都将认同你的身份。首先保持外表整洁，口气清新，没有体臭，不要超重。这些能改进的地方，一般可以为你增添不少形象分。</p><p>此外，为了达到自己的目标，还需要触发她的吸引力开关。既然她会参照别人的观念行事，所以要想办法让她周边的女人对你大加好评。</p><p>比如在约会过程中如果提一些关于你身边其他女性朋友的事情，可以达到很好的吸引效果。</p><p>只要你把握好两点：</p><p><strong>第一，提及时要自然，跟当前的谈话内容相关；</strong></p><p>第二，提及要一带而过，不要过于纠缠细节。</p><p>比如你们谈论美食的时候，可以提及一个女性朋友的自制蛋糕比她做的好吃。</p><p>还有三个必杀技：</p><p><strong>对女人的能力做一些幽默风趣的评价；</strong></p><p>通过其他女人对你的认同提升自己的价值；</p><p>暗示女人她有个潜在的竞争对手。</p><p>即使你跟某个女人的关系已经风吹云散，但这段经历也能为你的价值加分。一个漂亮的女人跟你相处过，这本身就意味着你无穷的吸引力，给予你巨大的社会认同价值。你之后接触过的女人就会深受这种示范效应的影响，从而对你越发有感觉，越容易受你影响。</p><p><br></p><p style=""color:#999;font-size:13px;font-style:italic;"">更新时间：2021-01-30</p>",31,https://www.weiwei567.com/addons/mm_las/images/ktfl/ktmr.png
1948,成为VIP会员，可全面解锁所有课程哦！,"<p></p><p>大家都知道，当你的价值越高时，你对女生的吸引力就越高。但是如果你的价值很高，但是你却没有展示出来，你的吸引力就会大大降低。</p><p>很多人都喜欢直接展示自己的高价值，比如跟人家说：“嘿，我最近又买了一辆新车。”这种方法非常直接，一般会引起人们的注意，但是风险很大，他们可能会觉得你在吹牛皮撑面子，所以一般不提倡这样子展示自己的高价值。</p><p></p><p>那么，要怎样展示你的价值才是最好的呢？</p><p><strong>第一，在和大家聊天的时候，引入有关你的成就和事迹。</strong></p><p>比如，当大家一起谈论旅行时，你可以谈到你曾到法国游学的经历，并且推荐他们去普罗旺斯看薰衣草花海，那里的景观非常赞。</p><p>如果谈话的走向不能让你顺理成章地展示，那你就引导谈话向着你想要的方向发展下去。比如说一个你在非洲丛林探险的故事，你如何在一个星期内学会了当地的语言等等。</p><p>这样子，在大家听你侃侃而谈的时候，你丰富的阅历，出色的文化修养及过人的冒险精神就展示出来了，他们会对你充满了羡慕嫉妒，同时又会欣赏你，佩服你，而不会觉得你是在装逼。</p><p><strong>第二，通过第三者对你的态度，或者讲与你相关的事情进行展示。</strong></p><p>比如，大家一起谈论车子时，你的一个朋友说，他上周开车去你的新别墅参观，由于下雨没有开回来，说完后。大家不会关心他为什么还不去把车子开回来，而是关心你什么时候在哪里买了什么样的新别墅，然后瞬间，你的高价值就展示出来了。</p><p>另外，当你去到某个地方，大多数人都会主动跟你打招呼时，所有在场的人就会马上意识到，你是个非常重要的人物，自然就对你多了一份好奇和尊敬。这样子，你的价值就展示出来了。</p><p><strong>第三，在平常的活动聚会中，大多数时间都是你主场带领大家玩乐。</strong></p><p>任何一个团体活动，都需要一个领导者，才能够圆满成功，否则就像一盘散沙，大家都不知道干什么。</p><p>当你主动站出来主场时，你需要有一定的经验和主意，这样子大家才会听你的，一旦你成功带领大家在活动中体会到不一样的感受，那么你的价值就展示出来了，每个人都会对你另眼相看，觉得你很适合做领头羊。</p><p>展示价值的方法还有很多，间接展示的效果会比直接展示好很多，以上就是三种很好的方法，希望对你有用。</p><p><br></p><p style=""color:#999;font-size:13px;font-style:italic;"">更新时间：2021-01-31</p>",31,https://www.weiwei567.com/addons/mm_las/images/ktfl/ktmr.png
1947,成为VIP会员，可全面解锁所有课程哦！,"<p></p><p>我最近经常在小鹿上被问到这样的问题——到底怎么写一个好的高价值展示故事？我整理了一下，希望能让大家更好地理解怎么制作属于自己的惯例。</p><p>我们不得不承认，对于我们很多人来说，鼓足勇气接近一个女孩跟她打招呼，是一件很难做到的事情。我们很难找到一些有趣，又幽默的事情来向妹妹们陈述。记得刚开始学习夜店、酒吧Night Game的时候，我发现自己当时最大的一个问题就是没东西扯。我可以和一个组的美女互动，她们也会有好的回应，笑、触摸、给我IOI。</p><p>但是惯例丢完后，我就进入死机状态了。我会傻站在这个已经对我有好感的妹妹组合旁，而完全不知道接下来该说什么或者做什么。比起做些可能会让我尴尬或者觉得错误的事情，我会消极地选择跟她们说：“祝你们玩得开心!”然后退出组合。</p><p>这个状态持续了好久，直到我意识到问题所在：我觉得我没有足够的东西来陈述。这是一个几乎所有要尝试GAME的兄弟们都会遇到的问题。这也是为什么我们总是那么想要获取并且使用“惯例”的原因。</p><p>“惯例”其实和其他故事并没有什么不同。只不过是提前被准备好并被记忆好以便于在临场的时候可以使用。兄弟们有没有试过把一个笑话翻来覆去的说很多次？我们使用惯例，是因为我们知道当我们丢出去以后，妹妹们会有不错的反应，所以我们总是抓住机会，一到新环境下就使用。</p><p>但是现在我要教你怎么说你自己的故事，怎么放大它的功效。继续看下去你就会知道怎么把你的故事说得有吸引力，而不仅仅是有意思。</p><p>你的故事应该包含很多高价值展示的嵌入，并且能够传达那种对女人有吸引力的男性所具有的某些特质。而这些特质是女人在进化过程中形成的选择偏好。故事当中的高价值展示因素应具有以下一些特征：</p><p>—— 预选</p><p>
—— 保护爱人的意愿和能力</p><p>
—— 幽默</p><p>
—— 雄性领袖</p><p>
—— 成功的冒险家</p><p>
—— 酷爱旅游</p><p>
—— 愿意表达情感</p><p>
—— 社交圈</p><p>当你知道了一个高质量的高价值展示的故事该怎么描述以后，其实你就可以开始尝试制作自己的惯例了。自己的惯例可以传送一个真实发生在你生活中的故事，并且展示你的价值观念。它们是源自于你的生活，因此它们更具生命力和吸引力。</p><p>不过兄弟们可能觉得我们生活很平淡，没什么高价值展示的好素材，也没什么有意思的故事好讲述的。这也没有关系，只要你按照下面的步骤来做，你会吃惊地发现你的生活中原来有这么多有意思的事情，而听你讲述会觉得你是那么的有魅力。</p><p><strong>第一步：找出你的故事素材</strong></p><p>每个人都有一些故事和经历是可以被包装成高价值展示的故事的。我们其实只是需要坐下来想一想，然后把它们写下来。想想一些你曾经对你的朋友、家人、同事说过的故事或者去看看你以前的照片，或者空间，微博什么的，去回忆回忆以前的一些有意思的瞬间和冒险。你个人的高价值展示的故事可以是你生活中的任何事情：</p><p>—— 和一个女孩一起做过的什么有趣的事情</p><p>
—— 做了一些你不应该做甚至该躲开的事情</p><p>
—— 在旅行的时候有过什么有趣，恐怖，令人激动的事情</p><p>
—— 负责掌控或者HOLD住一个什么局面 </p><p>
—— 为了维护某个人而勇敢的与人争执</p><p>
—— 组织过什么令人激动的事情</p><p>
—— 鼎力支持过什么人</p><p>
—— 化解了什么尬尴的场面</p><p>
—— 做过什么很让人感动和暖心的事情</p><p>
—— 做过什么自发的，无意识的事情</p><p>
—— 完成过什么令你为自己自豪的事情</p><p>
—— 看见过什么有趣/恐怖/激动的人或事</p><p>任何幽默、令人激动的、有感情的小细节都会加分。描述一些过往的社交尴尬事件也是个不错的选择，因为它们既有幽默的释放效果，又能在描述的时候制造出情绪张力。</p><p>当然，如果我们实在是找不到任何源自于我们自己生活中的题材，我们也可以看看别人的糗事以及吐槽来寻找灵感，直到我们自己开始过上“高质量的生活”。</p><p><strong>第二步：用要点的形式把你的故事写出来</strong></p><p>故事素材都准备齐全以后，把每个故事里的基本框架写出来。不用像写小说一样，一字一句地写出来。只需要按照事情的发展顺序写出基本情节就好。比如，我有一个故事，说的是我的弟弟怎么把他的卡车给撞坏的。这个故事很长，要把它整个说完得花上一定的时间。</p><p>所以，这个故事的要点可以这样写：</p><p>—— 故事是发生在和XX约会带她回家后</p><p>
—— 弟弟在凌晨4点打来电话，一般这时我是不接电话的，而且一般他不会在这个时间来电话的</p><p>
—— 弟弟说他撞上了一头鹿。我问明白位置后就起床赶过去</p><p>
—— XX有点生气了，我告诉她我的弟弟出车祸了。XX也想去，但是我让她呆在家等我</p><p>
—— 我一直开，但是因为路面结冰，车一直打滑</p><p>
—— 最终找到出事地点。弟弟的车已面目全非，完全变形了，两个轮子也不知道飞哪去了</p><p>
—— 我跑过去叫他的名字，最后找到他，他正试着把轮胎装回去</p><p>
—— 他跟我说他想把轮子装回去，然后再开回家</p><p>
—— 我带他去医院检查，还好，弟弟只是有点脑震荡，然后身上有些淤青和擦伤</p><p>
—— 真的要好好谢谢那家医院的急诊科，我们只在里面呆了几个小时就处理好了</p><p>
—— 回家的路上，弟弟叫我停车买包烟，他从口袋里拿出50块给我</p><p>
—— 因为没碰过车祸，所以我还有点不镇定，也没看钱就去了商店，直到结账</p><p>
—— 我把那张带有血迹的钱给收银员的时候，他就像看到一个疯子一样看着我</p><p>
—— 我朝他微笑一下说道：“是哪天晚上的事情，我记不清了。”那个店员一定以为我杀了不少人。</p><p><strong>第三步：找一些高价值展示的细节植入进去</strong></p><p>你的高价值展示细节应该植入到故事里面，而且要植入那些具有吸引力的细节。看看第二步里面的故事，我们可以发现：</p><p>—— 我当时是在进行一个约会【预选】</p><p>
—— 在弟弟需要我的时候，我帮助，保护，救了我的弟弟【保护自己身边的人】</p><p>
—— 弟弟觉得他还能把那辆变成了麻花一般的车开回家去;我用那张满是血迹的人民币吓死了那个收银员【幽默】</p><p>一般人在想高价值展示故事时，总是觉得要像电影明星演的那样：开车路过一辆燃烧的汽车，然后带着你的功夫高手朋友英勇地从里面救出一个美丽的脱衣舞娘和她养的几条贵宾狗。记住，高价值展示材料永远不能作为故事的主要内容，而且不要让人感觉出你是在炫耀自己，但是你可以夸耀你的朋友。</p><p>高价值展示素材应该是你在讲故事时一些随意的，你不经意提到的东西。</p><p>还有不用在一个故事里植入太多针对女性吸引力开关的高价值展示的素材。一般来说，两三个足以让故事拥有吸引力。但是如果你觉得你的故事里缺少某些高价值展示素材，那你可以夸张一点，加点包装。</p><p>比如，上面那个故事里，和你在一起的女孩可以不是你新迷恋上的而是你前女友，或者你以前碰到过这样的情况，所以只是有点小担心，即便事实是你已经吓得要尿裤子。再或者某个要调戏你女友的男人追上你后并没有威胁你，而是坐下了或者向你道歉了。我们在制作惯例的时候可以在事实的基础上夸张一点。其实女人就经常这么干，因为它只不过是调情的一部分而已。</p><p><strong>第四步：剔除低价值展示</strong></p><p>低价值展示是高价值展示的反面，它们会给你的目标透露出你不是一个具有高价值的男人。很多男人甚至都意识不到当他们对女人说出他们只有几个朋友的时候是多么狠狠地低价值地展示了自己。还有什么他们已经有很长时间没谈恋爱了等等。</p><p>你需要警惕在你的故事里不要出现任何让她感觉不舒适的东西，或者没有出现任何前文所述的高价值展示素材，又或者任何传递你不良社交直觉的东西，比如：</p><p>—— 任何涉及到不良体液的，什么鼻涕啊、排泄物啊、呕吐物啊等等。</p><p>
—— 任何以前你表现出的对女士，老人，小孩或者从事服务行业的人的不尊重或者恶言相向的行为，比如冲你的女友怒吼。</p><p>
—— 任何你曾经建立在别人痛苦之上的快乐，比如你妹妹的舞会礼服坏了而你却在一旁嘲笑。</p><p>
—— 任何你曾经做过的被认为是令人反感的或者违反社交常识的，比如一直不停地缠着某个女人，给她发短信。</p><p>
—— 抱怨或者嘲讽你的朋友或者前任，比如你总是对朋友两肋插刀，但是当你需要他们的时候，他们总是躲避。</p><p>
—— 任何让你和那些低价值，有低级趣味的人有联系的事情</p><p>所以我在前面那个故事里面没有描述车祸后的流血，还有XX在我要走时候生气也是一笔带过。</p><p><strong>第五步：修剪润色</strong></p><p>制作自己的惯例故事时，要记住你的这些故事多数是要在很吵闹的场合里面使用的，比如说在酒吧或者夜店。所以如果你的故事比较长，就很容易在你说的过程中被各种突发事件打断，又或者故事太长，对方没有耐心听下去。因此，你的高价值展示的故事应该尽量的短小精干又五脏俱全。</p><p>下面是一个好的高价值展示的故事的基本结构：</p><p>—— 几个能够吊起人们好奇心的句子，比如上周末我遇到了人生中最恐怖的一件事</p><p>—— 些能够保持他们好奇心的句子。在开始的三到四个句子里，你应该说一些有意思的，让人着迷的或者有DHV植入的话。这样一来，就算你被打断，或者不得不停下来，你也已经引起了人们的好奇心，你的目标组合可能会非常想知道剩下的部分。</p><p>—— 几个可以描述出发生了什么还能同时制造紧张的句子，一点一点地把她带进故事。使用停顿，改变语调，描述你当时的感觉等等，把她逐步地带进故事，让她能够感觉到故事里的情绪和感觉，同时用幽默和兴奋制造张力。</p><p>—— 记得在结尾释放张力，比如你学到了什么，或者结局让人很兴奋。</p><p>看看之前举的例子，我就尽量去除了怎么找出事地点啊，还有XX因为也想跟我一起而跟我争执的细节什么的。因为这些都不是故事的重点，但我会尽量简明扼要地提一下。因为很多时候你会发现你说的越少的部分，听的人却问的越多。</p><p><strong>第六步：加入停顿</strong></p><p>加入停顿可以加强故事的张力和兴奋度，同时也能帮助我们把讲述的节奏放慢。这会让我们的故事更有吸引力。实际上要是我们真能让节奏慢下来的话，是可以达到一个很梦幻的效果的，哪怕我们说的是一个很平淡无奇的故事，也能让听的人聚精会神。不过也要注意停顿不能过多，不然就起反效果了。一旦让别人觉得你可能是个智障儿童，那就不是梦幻而是梦魇了。</p><p>正确停顿：我走到边上来，然后我找到了他……(长舒一口气)他居然想要……把轮子装回去……因为他想把这辆破车开回家去。</p><p>智障版停顿：我……走到……边上来……然后我看见……他……然后这……让……我长……舒了一口气。他居然想要把轮子装回去，因为他想……把……这辆破车开回去。</p><p>现在，奉上我的终极版故事，仅供大家学习：</p><p>上周遇到了件很吓人的事。</p><p>那是凌晨四点吧，我接到了弟弟的电话。他打电话的时候我已经睡下了……一般这种情况我是不接电话的，但是那次总感觉很奇怪……知道吗?</p><p>他如果在这个点给我电话……一定是出了什么事。我接了电话，他声音听起来很怪。他说：“我刚才开车躲……一头牛，然后就翻车了……你快来救我!”。我放下电话，马上弹起来跟XX说：“XX我弟出事了，我现在马上要过去，不过我很快回来!”。</p><p>然后我一路开在各种乡村小路上，到了一个拐角……然后就看见……就看见各种零件，车部件散落一地……再开近一点才看见他的车……整辆车侧翻在路上……也不知道翻了几圈……车架都变麻花了。</p><p>然后我的心……因为我看不见我弟啊……我在担心最可怕的事情会发生……我下车向卡车跑过去……大喊他的名字……直到我看见他……我真是长舒了一口气……他居然……在试着把掉下来的轮子装回去……他说他觉得还能把车开回去。
他太可爱了，这也是我爱我弟弟的原因。笑【故事反撇效果，释放目标的紧张情绪】，继续讲述故事。</p><p>好了，今天就到这里。兄弟们，制作你们自己的高价值展示的故事，然后去把妹吧!</p><p><br></p><p style=""color:#999;font-size:13px;font-style:italic;"">更新时间：2021-01-31</p>",31,https://www.weiwei567.com/addons/mm_las/images/ktfl/ktmr.png
