1908,成为VIP会员，可全面解锁所有课程哦！,"<p></p><p>想要练胸肌的汉子有福了，以下这几个动作对于练胸肌非常有帮助。
 </p><p>喜欢健身的人越来越多，身材好了不仅穿衣服会更好看，也能让你更加容光焕发。男士们不要偷懒了，妹子们都喜欢有肌肉的汉子，你还不准备行动起来吗？
 </p><p><strong>1.下斜俯卧撑</strong>
 </p><p>可以有效锻炼到胸肌上束，撑起你的衣服。</p><p><strong>2.海豚俯卧撑</strong>
 </p><p>能锻炼肩部肌群，加强后腰和脊椎附近的肌肉，特别改善体态！穿衬衫也会更好看。</p><p><strong>3.单手俯卧撑</strong>
 </p><p>需要的力量很大，所以练出来的手臂线条非常吸引人。</p><p><strong>4.攀山侧踢</strong></p><p>
有效刺激侧腰，人鱼线就是这么来的。</p><p><strong>5.虎式俯卧撑</strong>
 </p><p>刺激胸肌下束特别好的俯卧撑，让你的胸肌线条非常清晰。</p><p><strong>6.单腿俯卧撑</strong>
 </p><p>稳定全身的最好练习，矫正体态，让你穿衣服更挺拔。</p><p>这几个动作你学会了吗？有些自己没有办法做准确的也不要心急，一步一步来。在做动作之前记着热身一下，身体没有活动开就运动，是很容易肌肉拉伤的。健身的时候保护好自己，健身是为了更健康，不要反而让自己受伤了。</p><p><br></p><p style=""color:#999;font-size:13px;font-style:italic;"">更新时间：2021-02-02</p>",25,https://www.weiwei567.com/addons/mm_las/images/ktfl/ktlb/kta.png
1907,成为VIP会员，可全面解锁所有课程哦！,"<p></p><p>男人靠什么吸引女人？真实、深刻、胆识、幽默、气度、浪漫、进取、冒险？不！你忽略了最关键的外在美丽，其实一个男人的外在之美才是最吸引女人的。内在之美在于修炼，经历；外在之美，在于品位，着装！
 </p><p>男人如何装扮才能光彩迷人，受人称赞，尤其是得到异性的垂青？以下的细节和要领你不能忽略。
 </p><p><strong>1.注重细节</strong></p><p>
（1）正式场合穿黑色皮鞋，擦拭光亮会显得十分体面。
 </p><p>（2）袖口虽小，却在服饰中起着画龙点睛的妙用。袖口扣子的搭配大有学问，一般来讲，水晶玻璃袖扣因其透明，最好搭配白色衬衫；而红色衬衫搭配金色袖扣，有华丽而时髦的感觉；黑、白、灰衬衫搭配银色袖扣，则有沉稳、高贵的效果。
 </p><p>（3）发型也标志着你的品位。这里建议4种风格迥异的发型：最具艺术气质的冷艳君子，最具怀旧气质的俊俏小生，最具阳光气质的乐观少年，以及最具耿帅气质的英雄本色。
 </p><p>（4）香水是一个隐形的时尚符号，但男人使用要特别注意场合和味道的搭配。休闲的、和女友一起的场合，可用比较时尚的新款味道，我推荐一款CKMAN的香水。</p><p><strong>2.避免犯错</strong></p><p></p><p>（1）谨慎穿窄领：东方人相对西方人来说脸会略显大些，宽领更适合东方男性的脸形，所以很时髦的极窄领型要慎重尝试。
 </p><p>（2）西装误区：欧式对排扣西服由于纽扣位置较低，有一种上半身显长的感觉，所以身材较矮的男士应该慎重穿着；里面的衬衫不能长过西装袖口半英寸，大部分男士露得太多。
 </p><p>（3）名牌是可穿不可“吹”的：如果大谈衬衣多少钱一件、在某某奢侈店买东西……女人听到通常会很反感，她们对这种话题是相当敏感的。其实女人更加喜欢沉默但目光专注的你，还是学学梁朝伟吧。
 </p><p>（4）中性有度：年轻的女孩们都承认自己喜欢偏秀美的帅哥，但是不喜欢男人的刘海留到可以遮住半边脸，不喜欢男人打个耳洞、穿喇叭裤等。中性时尚仍旧讲究“男女有别”，在阴柔美里保持阳刚之气，这才自然大方。
 </p><p>（5）易犯的错：短夹克包过了臀部，腰带系在了肚子上面等等。如果实在不幸拥有了一个便便大腹，就算肚子再大，腰带也必须系在“将军肚”下。
 </p><p>（6）男士的长裤，可以采取不同的造型手段以求合身舒适。最吸引视线的是那种瘦型的将臀围及大腿曲线显露的长裤，但这要求着装的男子首先臀部及大腿要线条清晰，否则会适得其反。
 </p><p><strong>3.颜色与搭配</strong></p><p>
对男装来说，深颜色与调和色独具魅力，尤其应用在外衣上则更引人注目。比如深蓝色和砖红色最能引起好感和重视。可以想象，穿深颜色的西装配鲜艳颜色的衬衫，再系上一条中性灰调领带的男子走在大街上，会引来无数欢欣的目光，觉得他很帅和富有魅力。
 </p><p>人们总是喜欢“透过现象看本质”，认为穿着得当的男子一定精明能干，其它方面也一定很出色。要想学会巧妙搭配，最简单易行的方法，便是留意商店的橱窗或商场出色的男装搭配实例。结合自身情况去揣摩，试想着自己如此着装后的效果，有可能的话可以试穿一下，比较中意便将其全套买下，而不要仅买其中一件或两件。
 </p><p><br></p><p style=""color:#999;font-size:13px;font-style:italic;"">更新时间：2021-01-31</p>",25,https://www.weiwei567.com/addons/mm_las/images/ktfl/ktlb/ktb.png
1906,成为VIP会员，可全面解锁所有课程哦！,"<p></p><p>想要吸引女生，打扮自己的核心在于让你显得拥有更高的价值。而这并不只是简单的装饰堆叠，如果打扮得不恰当，很容易令女生产生不适感。</p><p>“孔雀理论”显示出，不管是蚂蚁、孔雀、还是人类，任何群体动物都有社会阶层之分。阶层角色的不同通常可以通过外貌特征来显示。以蚂蚁为例，雄蚁、工蚁、兵蚁都有各自的外观特征。
 </p><p>这里总结出了三个最核心的造型要素，在两性吸引中具有指导意义。</p><p><strong>1. 主流审美</strong></p><p>没错，现在我们的文明已进步到越来越追求个性的审美，很多人都有自己独特的偏好。但是，从普遍意义上来说，小众的审美会导致你的女性受众面过于狭窄。</p><p>比如，吊裆裤+棒球帽的嘻哈装扮很可能会被白领女性觉得幼稚，而打扮得像007詹姆士·邦德的男性，则既可以吸引到Office Lady，也会受嘻哈辣妹青睐。</p><p>所以，请先将你那颗急着靠奇装异服搏出位的心收一收，先参考一下金城武、吴彦祖这些大众情人们是怎么穿的。直至你能熟练驾驭自己的风格，再按照需求来强化它。</p><p><strong>2. 时尚感</strong></p><p>独特的审美可以让人从大众中脱颖而出；如果这种审美是先进的、时尚的，那么将会传达出这个人拥有更好的基因的潜在信息。</p><p>抛开这些玄乎的社会心理，如果你仅仅是符合主流审美，而没有脱颖而出的话，异性将很难发现你的存在。时尚感与创意是一个男人刷存在感的利器。</p><p>“时尚”这个命题太过庞大，很容易泛泛而谈。容易对你有价值的建议是，时尚感并不是一蹴而就的，而是一种生活习惯。建议你长期订阅一两份男性时尚杂志，比如《GQ》、《时尚先生》，他们会告诉你一些相关知识。</p><p>值得注意的是，创意并不等于古怪。我们相对比较提倡在细节上体现创意，比如独特的纽扣缝线，和一些别致的腕表、口袋方巾、袖扣等等。</p><p><strong>3. 精英元素</strong></p><p>我们都知道，运动服比西服套装更方便动作，但为什么《瞒天过海》、《007》这类好莱坞动作片里，男主角都会穿着紧身西服套装追逐打斗？很明显，穿运动服打的话你们就不会去买票了，因为一点也不酷炫。导演希望靠这样的穿着，表达出主角的“精英”性。带着主角光环的人都有自己特定阶层的穿着原则，这些特质是大部分路人所不具备的，而女性往往会通过某些外形特征来选择出资源丰富的精英男性来交往。如果你有兴趣了解更多，推荐阅读《精子战争》。</p><p>在优化外形的起步时，我们可以简单地将“精英元素”理解为：服饰的质地和裁剪，比款型重要；整体干净利落，比设计感重要；时尚感，比舒适保暖重要。</p><p><br></p><p style=""color:#999;font-size:13px;font-style:italic;"">更新时间：2021-01-28</p>",25,https://www.weiwei567.com/addons/mm_las/images/ktfl/ktlb/ktc.png
1905,成为VIP会员，可全面解锁所有课程哦！,"<p></p><p>没有妹子会喜欢皮肤差的男人！而男生对护肤的了解程度就像他们对于女人心的理解程度一样，战斗力几乎为零。“没有丑女人，只有懒女人”这句话，同样适用于男人！男人主义护肤，并不是娘娘腔的行为，如果你觉得满脸胡渣，皮肤粗糙的才是真爷们儿，那我大概知道你为什么单身了。你都不会细心照顾自己，妹子还能指望你细心地疼爱她吗？以下坏习惯无形中让你越来越丑，大家注意啦：
 </p><p><strong>1.随意使用护肤品</strong></p><p>
许多男人缺乏一个系统的护肤程序, 随意使用洁面产品洗脸，包括固体和液体香皂（非洁面皂），可是普通香皂里含有的化学物质会令你的皮肤干燥，皮表的保护层越来越薄。长此以往的话，你的皮肤会变得越来越脆弱。根据你的肤质，换一种适合你的洁面产品（干性、油性、或是混合的），注意适当的清洁，才会令你的皮肤变得柔软，光滑，有弹性。</p><p><strong>2.摄入利尿剂</strong></p><p></p><p>我们都知道每天要喝够八杯水，而日常生活中，你不免会摄入一些利尿剂，例如喝咖啡，饮酒。这对你的皮肤也不好，因为利尿剂就像咖啡因和酒精一样，会将你身体的水分过量地排出体外。而我们的身体一半是水，补充一定量的水分来维持细胞的正常工作是非常有必要的，坚持下来，多喝白开水，少喝饮料类，慢慢的你会发现不仅你的皮肤变好了，你的身体状况也会有改善的。<strong>3.不使用剃须膏或泡沫</strong></p><p>
除非是特殊原因，尽量不要在没使用剃须膏或者剃须泡沫的情况下剃须。干着脸硬剃，不小心刮破了脸皮，轻则只是皮外伤，重则会导致毛囊炎。所以为了既做到能温和剃须，不伤害皮肤，又经济实惠，最好的办法就是不要在剃须刀上省钱，买一款好的剃须刀，并且尽量选择价格合理的有名气的剃须膏或泡沫。</p><p><strong>4.用你的脏手摸脸</strong></p><p>
从幼儿园开始，幼儿园阿姨就告诉我们饭前不洗手会有多严重的后果，到底手上有多少细菌，不用我说，你自己也知道吧？你用带着这么多细菌的手摸脸的时候，你有想过脸的感受吗？这些脏东西会从你的手上转移到脸上，阻塞毛孔，形成黑头，青春痘，痤疮等等会破坏你外形的东西。而且，如果你总是揉脸，还会加速面部皱纹的形成。<strong>5.驼背</strong></p><p>
整天驼着背，不仅对你的脊椎不好，也不会给别人留下好印象。这样的形象一般会让人觉得你很懒或者不自信，第一印象就这么完蛋了。相反，如果你的站姿总是挺拔的，这不仅会让你的肌肉显得更紧实，并且会让人觉得你是自信的，一个自信的男人，对于女生来说是很有吸引力的。</p><p><strong>6.运动后吃更多</strong></p><p>
如果你在锻炼了30分钟后，吃了一顿热量超高的晚餐，并且还说服自己这只是锻炼后正常的能量补充的话，那我只能说，你对自己下手太不狠了！如果你一再放纵自己的这种错误的逻辑思维的话，你就会发现你的锻炼不仅没有减脂，反而让你变得更肥了。营养学家已经说了很多次了，想要锻炼健身，合理的饮食习惯是非常重要的。你每次都说服自己多吃点没事，其实是为放纵自己找借口。你可以偶尔吃点炸鸡或者其他的垃圾食品，但它不是健康的生活习惯。并且你能确保你做的锻炼能消耗掉这些垃圾食品带来的热量吗？<strong>7.吃太多速食品</strong></p><p>
吃太多速食品会影响整个身体的健康状况，因为你会不小心摄入过多的盐分，热量，糖分，脂肪等等，这不仅会导致你长肉，并且它们会毁了你所有为保持外形做的努力。改掉这个坏习惯，如避免吃太多白颜色的食物，这意味着你应该避开任何含有面粉，糖，黄油，奇怪的化学名称或原料的食物，多吃蔬菜、新鲜水果。<strong>8.不注意防晒</strong></p><p>
年龄引起的皮肤老化多和皮肤吸收了太多的紫外线有关。也就是说，如果你在没有做防晒措施的情况下，长时间地暴晒在太阳下，你的皮肤会变得粗糙，没有弹性，更严重的话会引起黑色素瘤。为了保护你的皮肤，减缓衰老，要避免在阳光最强烈的时候进行户外运动。还有，在夏天进项户外运动时，别忘了戴太阳眼镜，并按时涂抹防晒霜。<strong>9.吸烟</strong></p><p></p><p>香烟中包含4000多化学物质，其中51种是已知的致癌物质，每次吸烟的时候，你都是在自杀。当你吸烟时，体内自由基形成，这些破坏性的分子会损害你的DNA，导致产生皱纹。首先考虑吸烟的利弊，关于你的喜好，你要真实地对待。然后试着找出除了吸烟以外你同样喜欢的东西。最后，戒烟，转移兴趣点。这是一个艰难的过程，你必须找到最适合你的戒烟方法，但是如果你能够坚持做下去，即使中间有可能会反复，但你最终会成功的。</p><p><br></p><p style=""color:#999;font-size:13px;font-style:italic;"">更新时间：2021-01-31</p>",25,https://www.weiwei567.com/addons/mm_las/images/ktfl/ktmr.png
1904,成为VIP会员，可全面解锁所有课程哦！,"<p></p><p>发型是帅哥的灵魂。</p><p>
一个男人，可以长得不帅，生得不高，甚至衣服都可以不用那么精致，但是发型一旦挫了，基本上其它地方都没办法弥补。
 </p><p>下面是妹子们总结出的有魅力的型男发型：</p><p><strong>1.超短</strong>
为什么她会喜欢：这种简单但是性感的男士发型最有可能是女性喜欢的万年款。这种简单的发型既能把男人的阳刚之气衬托出来，同时，女生又可以在任何时候抚摸你的头发而不用担心搞乱你的发型。</p><p>如何实现：这种发型只需要将所有头发剪成一样的长度，但基本上需要每个月剪一次以保持合适的长度。</p><p></p><p><strong>2.前波浪式</strong>
为什么她会喜欢：这是一款即使不用花费大量时间去整理，也能产生很强的吸引力的发型。它会让人不禁联想起像肯尼迪总统那样温和又有气质的男性，同时又符合了近几年大热的复古风。</p><p>如何实现：这种发型的重点是，头发的长度从头顶向两侧长度顺序递减，打理的时候，将前额的头发向一侧梳理，形成波浪效果。这种发型不适合头发稀疏的男生，同时，日常打理中为了使前额的波浪定型，可以在梳理的时候使用少量的摩丝。</p><p><strong>3.有光泽的背头</strong>
为什么她会喜欢：又一款复古风格的发型，它让任何一个男生看起来都像是唐•德雷珀（美剧《广告狂人》主角），虽然他为女人痴狂，但不得不说，没有任何一个女人可以拒绝这个充满自信的男人。</p><p>如何实现：背头发型最适合中等长度的头发，必须使用定型产品来保持头发的造型。接下来，以左眉毛的中点为界线将头发分界，再分别将两侧的头发梳向脑后，使用少量的润发油，既保持头发的光泽，又保证造型。</p><p><strong>4.自然卷</strong>
为什么她会喜欢：自然卷发既适合稚气未脱的男生，又适合粗犷阳刚的男生，同时又是阳光运动男很好的选择。</p><p>如何实现：这种发型只适合自然卷的男生，所以如果你没有自然卷，还是不要勉强，换一个其他的发型吧。有时候自然卷会不太好打理，因为它们卷得很随意，所以最好保证头发是中等长度，并且选用自然定卷的护发产品进行日常打理。</p><p><strong>5.偏分</strong>
为什么她会喜欢：以女人的审美观来看，偏分是经典的能凸显男生阳刚气质的发型。同样，她们会认为拥有这样发型的男生多是稳重并且传统的，成熟稳重的男性是女性选择人生伴侣的首选。</p><p>如何实现：偏分有很多种，所以你要多尝试几种，才知道什么样的偏分最适合你。通常来讲，偏分的发界线在左侧，但如果你喜欢，右侧也可以。</p><p>就像你的衣服，你的发型也可以向女性传达重要的信息。基于你的外表，一个适合的发型会给你加分不少，这些会在约会的时候助你一臂之力。</p><p><br></p><p style=""color:#999;font-size:13px;font-style:italic;"">更新时间：2021-02-01</p>",25,https://www.weiwei567.com/addons/mm_las/images/ktfl/ktmr.png
1903,成为VIP会员，可全面解锁所有课程哦！,"<p></p><p>请问，你们觉得在街上看到那些辣得让人走不动路的女孩子每天会在“漂亮”这件事上投资多少时间？她们除了基础的护肤化妆挑衣服以外，还要做面膜、做发膜、做腿膜、修指甲、修眉毛、养睫毛、养嘴唇、养脖子、除眼袋、除鸡皮、减脂、睡美容觉……
 </p><p>就是这么麻烦，才能换到你在街上回头多看她一眼。
 </p><p>想和美女做朋友，你也必须和她们一样在外表上投资时间。而最基本的皮肤护理基础，每天顶多需要你投资十分钟，就能做个干净的阳光美男了。如果你有需要往深度了解个人护理知识却不知从何开始，下面的建议能为你打下良好的基础。
 </p><p><strong>基础面部护肤三步：清洁、调理、滋润</strong></p><p>
我们经常嘲笑社交网站上的虚荣女孩用软件在照片上磨皮来把自己皮肤弄好一点。其实，保持良好的护肤习惯，你也可以长期保持磨皮效果。</p><p>简单来说，护肤可以分为清洁、调理、滋润这三步。请在早上起床时和晚间睡觉前坚持完成它，两三个月后，你会发现皮肤有明显的改善。
 </p><p><strong>1.清洁：洁面乳、洗脸皂等。</strong></p><p>
简单的面部清洁就是用洁面乳之类的洗干净脸。这一步很重要，需要认真对待，尤其是出油最多、毛孔最粗糙的鼻子两侧。另外，下巴到脖子这一块也经常被忽略，一定要注重清洁。如果嫌麻烦，最好在洗澡的时候把脸一并洗了。我知道一开始会觉得很烦很无聊，我最初的几天都要开始背《金刚经》来平复心情了，但是看见镜子里的自己越来越干净，你会体会到洗脸之中的禅意。这件事坚持几个礼拜以后会发现惊喜的，相信我。</p><p><strong>2.调理：爽肤水。</strong></p><p>
洗完脸紧绷绷的感觉，是因为洁面用品所带的碱性所致，这时候爽肤水里的水杨酸就要起作用了。爽肤水的主要功能是调和皮肤酸碱度，让皮肤更容易得到滋润。倒一点点爽肤水到掌心，然后双手抹匀，轻拍到脸和脖子上，这个过程也能给自己很积极的心理暗示，暗示着你的外形正在慢慢地变好。</p><p><strong>3.滋润：面霜、润肤乳。</strong></p><p>
对男生来说滋润就是补水。如果再想加强功效就交给精华液吧。挑个补水功能好的面霜、润肤乳之类的就好。记得别漏掉脖子。
 </p><p>以上是最基础的护肤三步骤，另外的加分项有：眼霜、精华液、面膜或者对自己的头发也好一点。相比起女人来，我们男人还真的算得上是幸运，三步完成就能帅气地出门了。</p><p><br></p><p style=""color:#999;font-size:13px;font-style:italic;"">更新时间：2021-01-30</p>",25,https://www.weiwei567.com/addons/mm_las/images/ktfl/ktmr.png
1902,成为VIP会员，可全面解锁所有课程哦！,"<p></p><p>男人想要变帅变有型，除了要搞定发型外，穿搭方面也不容忽视！别再怨天尤人说自己是个普通男人而放弃任何变帅的机会了，其实你只要会一些穿搭小心机，照样也能突显你的男性魅力。今天就来偷偷告诉大家，在女生眼中你只要会这样穿，帅气指数就绝对爆表啦！</p><p><strong>1.微合身开扣的衣服</strong></p><p>对于男人来说，是否合身往往是选择合适服装的关键之一，较合身的衣服会让你整体看起来更有精神。如果你刚好在健身，不妨大方穿胸前开扣这类的衣服来展现你的男人味！因为胸前的开扣设计更能勾起女生的无限遐想。就跟男生喜欢看女生若隐若现的感觉一样，这种看到胸肌又没有完全露出来的视觉效果在女生眼里真的无敌性感。不过首先你要有身材，因为没人想看排骨精或三层肉啊!</p><p><strong>2.穿衬衫卷袖子</strong></p><p>衬衫可以说是男人的必备战袍，也是增添男性魅力最不可或缺的单品之一。值得注意的是，如果你的衬衫穿得整整齐齐，会显得特别死板。而适当地“卷袖子”会让你瞬间变得更帅。多了这个小动作，就能让你的整体造型看起来更具有层次感，一扫单调乏味的风格。</p><p><strong>3.西裝外套+素T</strong></p><p>西装外套能完全诠释出男人的成熟魅力，本身就是件经典不败的单品，再加上能衬托出好身材的素Ｔ，这种半正式半休闲的穿搭风格最吸引女孩子的目光了。如果下身再以九分裤点缀的话，还能成功打造出雅痞型男人味，简直又帅出新高度了！！</p><p><br></p><p style=""color:#999;font-size:13px;font-style:italic;"">更新时间：2021-01-31</p>",25,https://www.weiwei567.com/addons/mm_las/images/ktfl/ktmr.png
1901,成为VIP会员，可全面解锁所有课程哦！,"<p></p><p>发型是型男的灵魂。
 </p><p>男人50% 的性感都体现在发型上，不同的发型可以直接区分土鳖和高帅富。
 </p><p>要知道，男人的外形中干净利落比设计感重要。大多女性不认可脏兮兮的造型，所以有一个普适的原则：前不遮眉，后不盖领，三周一剪。
 </p><p>如果你平时是个在外表上大大咧咧的男人，按照这个原则可以马上大翻身。在此基础上，如果坚持每天洗头、定时修剪，更会让你精神百倍。
 </p><p>很多男生喜欢跟风去剪潮流款，结果丑爆了。其实这很有可能是这款发型跟自己的脸型不搭哦！如何根据脸型选发型呢？</p><p><strong>1.发型修饰脸型</strong></p><p>
脸型是决定发型的最重要因素，通过发型可以弥补脸型的缺陷，两者相互协调配合，才能达到完美。</p><p><strong>（1）遮盖法——修饰缺陷</strong></p><p>
李易峰的额头长得并不协调，平时我们见到李易峰的形象也基本是有刘海发型的，他就很巧妙地利用了刘海来组成合适的线条或块面，以掩盖额头的不协调及缺陷。</p><p><strong>（2）衬托法——改变脸型</strong></p><p>
古川雄一掀起刘海简直是见光死，而利用两侧鬓发和刘海，很好地改变了脸部轮廓，分散原来瘦长或宽胖头型和脸型的视觉。</p><p><strong>2.脸型搭配发型</strong></p><p>
下面我们看看常见的不同脸型该如何与发型进行搭配：
 </p><p><strong>（1）鹅蛋脸</strong></p><p>
被认为是最理想的脸型，近乎完美的比例。脸型的长度与形状平衡，可尝试各种发型。</p><p>
发型选择：拥有鹅蛋脸型的小伙伴很幸运，你可以尽情尝试不同发型变化。</p><p><strong>（2）方脸</strong></p><p>
下颚宽大，棱角过于分明。人显得木纳，需要从视觉上拉长脸型。
 </p><p>发型选择：方形脸的男士看起来更有阳刚之气，可选择利落的短发，不要选择过长、中分等过于厚重的发型；另外短鬓角的发型可以缩小视觉宽度。</p><p><strong>（3）圆脸</strong></p><p>
没有角度或突出的线条。亲切又呆板印象，应选择一个稍带个性风格的发型。
 </p><p>发型选择：首要挑选的发型是头顶发量及长度够长，来增加脸部视觉长度；具有线条感以及可以制造“高度”的发型。</p><p><strong>（4）长脸</strong></p><p>
高的前额和长的下巴。注意头发长短平衡，如果侧边过短头顶过长，就更易显脸长。
发型选择：长形脸的男士发型选择余地较多，刘海最好把额头遮住些，这样能缩减脸部过长的问题，平衡曲线；如果想让头顶头发留长，两侧的头发则不能太短。</p><p>（5）菱形脸</strong></p><p>
窄下巴、窄额头、突出的颧骨。棱角分明并且非常有立体感。</p><p>
发型选择：不建议头发剪过短，也要避免过短的侧边削减，避免选择服帖、顺直的发型。可以利用发量以及刘海或层次来修饰颧骨宽度，增加上部发量来平衡中宽、上下窄的问题。<strong>（6）心形脸</strong></p><p>
额偏宽、下巴窄尖。适合中长发，如果太短会让焦点集中在额头。</p><p>
发型选择：过短的发型会让视觉集中在上面部，所以尽量留出一定长度为佳，可以留刘海。另外留短短的胡子，也能让窄窄的下巴更加丰满些，从视觉上让整个脸型更加平衡。</p><p><br></p><p style=""color:#999;font-size:13px;font-style:italic;"">更新时间：2021-01-31</p>",25,https://www.weiwei567.com/addons/mm_las/images/ktfl/ktmr.png
1900,成为VIP会员，可全面解锁所有课程哦！,"<p></p><p>有很多人颜值尚可，为人友善，做事努力等等，这都是特性，是加分项。但是它们和异性缘好不好关系并不大。好比在一场100分的考试当中，你不能只靠做了几个加分题就想合格。</p><p>真正占据大量基础分的“硬菜”有哪些呢？</p><p><strong>1. 社交圈中有足够的异性基数</strong></p><p>这个很好理解，你必须生活在一个有异性的环境当中才行对吧？雄孔雀会对着一大堆雄孔雀开屏吗？</p><p><strong>2. 在社交中的某个有价值项目中出类拔萃</strong></p><p>一定要用出类拔萃这个词，告诉异性，我是这堆西瓜里最大的一个，挑我没错。就算你不是最大的，你也可以是最甜的，可以是花纹最好看的，可以是尾巴最卷的，反正要有个拿得出手的东西展示。注意，一定要是有价值的项目，如果你说我是这堆西瓜里皮最厚的一个，那对不起，女生会直接跟你说再见了。</p><p><strong>3. 良好的社交态度</strong></p><p>打个很简单的比方，你至少要明白一个小型圈子里你只能求爱一次吧？要不你找一个寝室，老大表白完失败了问老二，老二再失败了问老三，老三还失败了，你再去问问老四答不答应你？而这些应该注意的事情太多了，需要你在日常生活中慢慢积累。</p><p><strong>4. 有合理地与人相处的手段</strong></p><p>这个需要靠自己感觉什么是合理的，比如，满口脏话地对文学社的异性装逼是不合理的；用猥琐的眼神看着异性问“约吗”是不合理的；下雨了从一大堆异性中抢一把伞过来自己打也是不合理的；对一大帮异性撒钱然后说“今天晚上你们几个跟我走”更是不合理的......</p><p>如果你在以上几点的基础上还颜值尚可，为人友善，做事努力......那么恭喜你，有了硬菜的基础分，还有软菜的加分，基本上是能合格的，基础分高还能评优良。</p><p><br></p><p style=""color:#999;font-size:13px;font-style:italic;"">更新时间：2021-01-31</p>",25,https://www.weiwei567.com/addons/mm_las/images/ktfl/ktmr.png
1899,成为VIP会员，可全面解锁所有课程哦！,"<p></p><p>追女生的第一步是认识女人，那么女人第一眼看到的是你的什么？谈吐？内涵？知识？钱？错，是你的形象。她在乎的是你的外在形象给她的感觉，是喜欢，还是厌恶。
 </p><p>人就是这样的一种动物，首先是通过第一眼所带来的感觉来判断此人的身份地位等等一系列的要素，然后才会去通过和此人的接触交谈等方式来固化这个判断。
 </p><p>外在形象这么重要，那么我们应该从何下手呢？</p><p><strong>1.提升形象第一步，干净整洁。</strong></p><p></p><p>所谓的干净不是洗洗头、洗洗脸、洗洗手就OK的了，它涉及到你的一个形象状态。可以毫不夸张地说，出门之前把自己弄得干净整洁是对别人的一种尊重，同时，你也不喜欢你的朋友和你一起玩的时候糟蹋无比，还有异味的吧？干净整洁的形象表现了你的一种良好的生活状态，这个来源于古代，干净的形象代表着你能有健康的饮食和干净的生存环境，那么你的得病几率就会降低很多，这也就从侧面反映了你的生存和繁殖的价值。
 </p><p>那么什么是所谓的干净呢？干净不是一个动作，而是一种生活习惯。时刻保持干净是你能吸引女人的一个非常重要的因素。当然我们这里讲的是爱干净，到了洁癖那就过了。
 </p><p>具体表现在哪些方面呢？</p><p><strong>（1）每天必须坚持清洗身体一次，不管是运动后，起床后，或者是睡觉前。</strong></p><p></p><p>头发，脸，身体，腋窝，阴部，脚趾，背部，不要马马虎虎地洗一下就完了，要仔细地洗干净，涂上清洁用品，而不是冲一下就完事。
 </p><p><strong>（2）饭前便后洗手。</strong></p><p></p><p>很多人懒得洗手，这是一个非常坏的毛病，要改正，记得用上洗手液。</p><p><strong>（3）勤剪指甲，包括手指甲和脚指甲。</strong></p><p></p><p>现在不是远古时代，没有动物需要你用那么长的指甲去攻击。
 </p><p><strong>（4）注意清洁平常注意不到的位置。</strong></p><p>耳朵内（用棉签），鼻毛（用镊子或剃鼻毛器）。</p><p><strong>（5）勤换洗衣物，尤其是贴身衣物。</strong></p><p></p><p>现在洗个衣服不像以前那么费事，往洗衣机里一扔，倒上洗衣粉，按下按钮就可以了。袜子，内裤保证两天以内至少一换，外衣脏了或者有异味了马上换掉，不要一百年都穿一件外衣打天下。</p><p><strong>2.提升形象第二步，形象得体。</strong></p><p>
大家可以去银行或者某些形象服务的行业，你看看哪一个人不是制服皮鞋领带的？当然这里不是让你一定要穿着西装领带皮鞋出去，而是让你时刻注意自己的形象，你的形象表现出来的就是你的价值。</p><p>
那么，什么是所谓的形象得体？</p><p><strong>（1）舒适干净的穿着。</strong></p><p></p><p>放弃那些没用的一件上千的高档服饰，你所需要的不过是一件干净并且合适的衣服。不要追求品牌和样式，适合你的才是最好的。有些人为了所谓的酷，买一些胡里花哨的衣服，觉得自己穿上很风骚，实际上别人看到你觉得你很没品味。品味是慢慢培养出来的，是慢慢试出来的，所以我们一开始的要求就是干净，得体，这就够了。</p><p><strong>（2）发型很重要。</strong></p><p></p><p>我第一眼看到你的，除了你的脸，你身上穿的衣服，那么就是你的发型了。这些同样都是第一眼看到的东西，属于站在最前线的士兵，必须要给力才行。很多人一辈子都找不到适合自己的发型，但是你可以很简单地把你的头发打理得看起来干净整洁。这里插一句，其实女人不太对你的发型如何有什么看法，但是她们对你的头发是不是干净清爽很有看法。
 </p><p><strong>（3）干净合适的鞋子搭配很加分。</strong></p><p></p><p>鞋子的搭配和你的状态有关。在企业部门工作，就需要西装领带皮鞋，运动的时候就换上运动鞋，跳舞就换上板鞋。脏了就擦洗，坏了就修补，要么扔掉，这个就不多说了。一双干净适合的鞋子比看起来花哨但是很脏的鞋子好多了。
 </p><p><strong>（4）袜子。</strong></p><p></p><p>很多人很重视鞋子，却忽略了袜子的重要性。其实袜子同样很重要，如果你年轻，请选择运动品牌的纯棉袜子，比如耐克阿迪李宁等。如果你已经工作，请选用质量好不会出异味的品牌袜子，比如七匹狼。切记，袜子破损破洞要马上更换，你永远不知道什么时候要脱掉鞋子，那时候就是暴露你形象的时候。
 </p><p><strong>（5）内裤。</strong></p><p></p><p>内裤的重要性就不必去说了吧。买些质量好的内裤，好好照顾你的二弟和蛋蛋们，出现破损马上扔掉。</p><p><br></p><p style=""color:#999;font-size:13px;font-style:italic;"">更新时间：2021-01-29</p>",25,https://www.weiwei567.com/addons/mm_las/images/ktfl/ktmr.png
1898,成为VIP会员，可全面解锁所有课程哦！,"<p></p><p>想要改变自己的外在形象，请认真执行以下建议：</p><p></p><p><strong>1.个人整洁</strong></p><p></p><p>女孩都喜欢跟一个多姿多彩的男人在一起，谁也不愿意跟一个懒得洗澡，打呼噜，而且还一身狐臭的男人睡在一张床上。如果你喜欢的辣妹每天需要花两个小时在化妆、吹头、挑衣服、卸妆、护肤、等一系列的外表工程上，而你却嫌出门前花10分钟在打扮上很麻烦，那你就太不在乎自己的形象了。尝试整理自己，至少保持干净整洁。</p><p></p><p><strong>2.发型</strong></p><p></p><p>去发型屋剪一个合适你的头型。注意，你需要的是一个可以传达出某些信息的发型（比如精英性、整洁、男人味），而不是一个花花绿绿的创意发型。</p><p></p><p><strong>3.护肤</strong></p><p></p><p>皮肤的保养，与你的发型不同，并不是一个晚上就可以改善的，换肤是几个月的过程。既然你需要从某一刻开始，那就不如从现在开始吧。最基本的护肤保养，需要每天洗脸、保湿、和控油。关于护肤品，你可以在网上搜索一些相关资讯。</p><p></p><p><strong>4.唇</strong></p><p></p><p>建议你习惯用润唇膏。很多男人的嘴唇，干得白皮都出来了，这是一个很大的瑕疵，也是一种不尊重自己的表现。</p><p></p><p><strong>5.眼镜</strong></p><p></p><p>能不戴，就不要戴，哪怕你的眼镜很贵、很炫耀、很好看。你看看有哪些大众偶像，是戴眼镜的？这固然有它背后的原因。如果你近视，可以考虑去买一副隐形眼镜，甚至做激光纠正。如果真的要戴有框眼镜，那么请不要挑那些花花绿绿的，挑一副你戴了上去，也不会让人注意到的眼镜。</p><p></p><p><strong>6.牙齿</strong></p><p></p><p>很多人都不注重牙齿的美白和健康。吸烟和喝酒或一些生活坏习惯会在你的牙齿上留下难以清理的痕迹，刷牙并不能够解决这类问题。如果经济上允许，建议可以去当地的口腔护理中心，花约1000元人民币去做一个牙齿漂白（冷光美白）的疗程。做一次通常有效期1年左右。</p><p></p><p><strong>7.面部疤痕和暗疮</strong></p><p></p><p>如皮肤有严重的问题，建议你请教专业的皮肤科医生或美容从业人员，因为市面上能够买得到的护肤品，无论它有多贵，效果都非常有限。如果你有一些轻微的暗疮疤痕，可以考虑买一支遮瑕膏使用，涂在皮肤上，可以有效地掩饰疤痕。通常在各大化妆品销售柜台都可购买到。</p><p></p><p><strong>8.指甲和脚甲</strong></p><p></p><p>有些人有过长的指甲和脚甲，看上去就像一双鹰爪。这是一个致命的死穴，很多女生都会非常留意这些细节。除了手指甲外，别忘了，脚趾甲也是同样的重要！建议每一个男生都花几十块去修甲店尝试一下，这样你就会大概知道什么是正确的修甲手法，自己可以回家DIY。</p><p></p><p><strong>9.体毛</strong></p><p></p><p>建议大家买一个电动剃毛剪或电动理发剪把腋下毛和阴毛给修剪掉。你不必剃得非常光，因为那样会很扎皮肤。还有，注意你的鼻毛，不要让它们从你鼻子溜出来，请定期修剪。我知道很多人不愿意剃阴毛，我很尊重这些人基于文化背景而作出的选择。但据我个人经验来说，剃掉阴毛往往可以给你带来额外的惊喜。</p><p></p><p><strong>10.体臭</strong></p><p></p><p>处理体臭的方法往往很简单，用点体味除臭剂即可。如果是狐臭，就用运动型的腋下除臭剂。提醒一点，香水对体臭来说不是一个很好的解决方法。它只会和你本来的体臭混合出一种全新（往往更糟糕）的怪味。记住，香水是在你使用完体臭剂后才用的东西。还有，别用过多的香水，那样会令你很奇怪。在袖子上和衣领两边各喷一下即可，去夜店的时候可以略多。</p><p></p><p><strong>11.打扮</strong></p><p></p><p>打扮是最简单方便，能够把你的价值观显示出来的方法。你不需要花很多钱在名牌上，你只需要知道主流的款式即可。如果你想花小钱，办大事，你不妨考虑找当地的一些裁缝店给你量身定做衬衣或者西装之类的衣物。把你在杂志上喜爱的款式给他看，在很大程度上他们可以模仿定做，而消费可能只是名牌的十分之一。</p><p><br></p><p style=""color:#999;font-size:13px;font-style:italic;"">更新时间：2021-01-31</p>",25,https://www.weiwei567.com/addons/mm_las/images/ktfl/ktmr.png
1897,成为VIP会员，可全面解锁所有课程哦！,"<p></p><p><strong>衣着的关键，在于合身。</strong></p><p></p><p>为什么煤老板花那么多钱买贵衣服，还会被人嘲笑土？其实衣服的价钱和上身效果并不是绝对成正比的。甚至长相，都很大程度上受穿着的影响。
 </p><p>穿不合身的衣服，长得再帅照样一秒钟变土鳖。所以，从现在起，了解自己的尺寸，找一把软尺，把自己的胸围、腰围、臀围、裤长这些关键数值都记录下来。如果实在不会，可以出门找个裁缝店的师傅给你量。衣服合身是改变形象的第一步！  </p><p>这里列举一些男人衣橱里应有的基本单品作为建议：
 </p><p><strong>1.纯色套头V 领针织衫</strong></p><p></p><p>这样一件针织衫，春天夏天都可以穿，里面可以配衬衫，也可以配T 恤。下身穿西裤、卡其裤、牛仔裤都没问题。外套可以是妥帖的西服，也可以是夹克，拉链帽衫都可以。冬天的时候，外面还可以直接套一件风衣。实在太百搭。如果你选不好颜色，灰色、藏蓝色、驼色大部分时候都错不了。</p><p><strong>2.两粒扣的修身西服外套</strong></p><p></p><p>如果你要买第一件西服外套，建议是灰色或者藏蓝色，因为黑色穿不好很容易变成奔丧，亮灿灿的颜色则会被人误以为你是唱二人转的。建议最好是两粒扣、修身剪裁，尤其需要注意袖长和衣长。如果尺码刚好，长度不对，店里通常都能帮你改。或者你可以像我一样，找个合适的裁缝定做。</p><p><strong><span>3.</span>纯色/ 细格修身衬衫</strong></p><p></p><p>衬衫和西服外套一样，合身非常重要，所以尤其推荐修身款的衬衣。大方格法兰绒衬衫现在已经在各大社交网站上被女孩子们嘲笑得一点尊严都没有了，所以估计你也意识到事态的严重性了，如果你衣橱里还有，烧了它吧。皱巴巴的衬衫也是很大的问题，如果你真的懒得烫，洗好了就挂起来吧。衣橱里多备几件衬衫是好事。</p><p><strong>4.修身原色牛仔裤</strong></p><p></p><p>修身的无水洗牛仔裤非常容易搭配，穿什么衣服都可以，穿什么鞋子都可以，所以你衣橱里一定要有。不要害怕自己腿粗，一定要买修身的。另外，成衣牛仔裤通常都会做得比较长，所以，试穿完后，可以在店里要求修改裤长，长度以刚好能盖过鞋子的第二个鞋带口为佳。<strong>5.呢子大衣</strong></p><p></p><p>呢子大衣冬天一套上就能出门，非常方便，合身的大衣会让你看起来非常挺拔。而且呢子面料挂起来就不会皱，简直省心到极点，你值得拥有。</p><p><strong>6.小牛皮鞋</strong></p><p></p><p>系带的牛津鞋、德比鞋，一套就套上去的乐福鞋，穿起来非常方便，能穿短裤，也能穿牛仔裤，西裤什么的就更不在话下。如果你有狂野的心，一双沙漠靴足够体现你的情怀。</p><p>上面列举这六样东西，如果你的衣橱里还没有齐全，那说明你平时的造型真的很无聊、单调，甚至幼稚，所以赶快买买买吧。这些东西优衣库、H&amp;M 之类的服装店里都有的卖，很容易买到。
 </p><p>这些单品之间的任意组合，都可以成为简洁有型的搭配。不过需要注意的是，穿搭的关键还是在于合身！</p><p><br></p><p style=""color:#999;font-size:13px;font-style:italic;"">更新时间：2021-01-29</p>",25,https://www.weiwei567.com/addons/mm_las/images/ktfl/ktmr.png
1896,成为VIP会员，可全面解锁所有课程哦！,"<p></p><p>女人是比较注重形象细节的，她们在约会的过程中会通过每一个细节来给这个男人打分。女人跟男人的思维不一样，判定的结果也不一样，如：一个鞋上有脏东西的男人生活一定很邋遢。因此想要提升自己的形象，建议先从以下细节做起：</p><p></p><p><strong>1.唇齿护理</strong></p><p>
我们中国人在交流的时候，一直直视别人的眼睛会显得很冒犯，所以聊着聊着，目光通常会落在嘴上。如果对方嘴唇发黑，上面还布满裂痕和角质，牙齿黄一块黑一块，牙缝里还有牙垢，估计你也没什么心情交流。这么说起来，嘴唇干裂的确是很不礼貌的一种行为。保养好唇齿，会让女人更有亲吻你的冲动。</p><p>
为了保护好嘴唇，常备一管润唇膏是必要的。每天出门前、临睡前、洗完澡后，记得给你的嘴唇补补水。如果你生活在像北京这么干燥的地方，记得随身带着，别让嘴唇干到裂了才想起它。
 </p><p>保护牙齿真没有很多医院说的那么玄乎，他们那些宣传是为了把护牙疗程卖得贵一点。保护牙齿最关键的其实就是认真刷牙。随便一下就把牙给刷完的人，一年去洗几次牙都不管用，不到一个月你牙垢就长出来了。
 </p><p>一年去洗一次牙，能够帮你清除掉一些死角里沉积的污垢。医生会推荐你用牙线，好好听他的。如果觉得牙齿太黄的话，可以考虑去做一下冷光美白。牙齿变好了很多以后，使用招牌性的微笑时，你会发出星星一样的光。
 </p><p>另外，戒烟也能很有效地保护牙齿，我知道很困难，所以也别太勉强自己。我的一个朋友在2013 年的时候把抽了十几年的烟戒了，女孩子们都觉得这件事很酷。
 </p><p><strong>2.疤痕暗疮</strong></p><p>
天生皮肤就好的人本来就很少，毕竟不是每个人都那么幸运，青春期不会处理痘痘，成年后不重视保养，总会或多或少令皮肤有点瑕疵。虽说靠养护能解决大部分的问题，但是如果今天下午就要出门聚会，远水救不了近火的时候，一些小把戏就能解决临时问题。
 </p><p>那就是遮瑕膏和BB 霜啦。各大超市都有卖，直接买女性用的就可以，导购会帮助你找到适合你肤色的遮瑕膏和BB霜。
 </p><p>但是如果你有严重的痘印、暗疮，建议你还是找专业医生解决吧。
 </p><p><strong>3.眉毛和胡须</strong></p><p>
我问过很多女孩子，一个男人看起来脏兮兮的关键问题在哪儿？她们的答案跟约好了一样：“毛神！”
 </p><p>而很多男人给我的回应却是：“没点儿毛还叫男人吗？”
 </p><p>男女之间审美的差异就这么大。
 </p><p>出于整洁的需要，我建议你修眉毛、刮胡子，这一点都不娘，剃须刀、修眉刀等工具可以轻松在网上买到，再懒一些，理发店也可以帮你修剪。我敢肯定你看《大话西游》里至尊宝刮完脸以后第一反应是：“天啊好帅！”相信我，女人们也是一样。
 </p><p><strong>4.手脚指甲</strong></p><p>
注意，是手脚。这是女人绝对不会忽视的细节。
 </p><p>记住，留指甲是十分邋遢的表现。如果你留指甲，请现在就剪掉！然后，用指甲锉子，把它的边角打磨光滑。看，你现在是不是拥有了一双艺术家一样修长干净的手？
 </p><p>女人们比我们敏感得多，看到脏脏的指甲能让她对你的印象直线坠机。所以，定期清理指甲吧，常洗手、勤修剪，若想要更好的体验，也可以去美甲店。</p><p><br></p><p style=""color:#999;font-size:13px;font-style:italic;"">更新时间：2021-01-30</p>",25,https://www.weiwei567.com/addons/mm_las/images/ktfl/ktmr.png
1895,成为VIP会员，可全面解锁所有课程哦！,"<p></p><p>头可断，发型不能乱；血可流，皮鞋不能不擦油。这是多年前一句流行语录，也间接说明了发型的重要性。而帅气的发型少不了进一步的维持，下面就需要几个道具：</p><p><strong>1.吹风机</strong></p><p>这个某宝上面有，推荐大家去购买，只要几十块，而且功率大。建议大家买个大功率的，效率更快。</p><p><strong>2.定型产品的选择</strong></p><p><strong>（1）定型喷雾发胶</strong></p><p>操作难度：★☆☆☆☆</p><p>定型硬度：★★★★★</p><p>适合发质：所有。</p><p>缺点：不能过安检，属于易爆物品。</p><p>购买渠道推荐：理发店+某宝。</p><p>强烈不建议大家去超市，百货商场购买。本人前后购买了十多种，定型效果都一般，发质软得根本没有一点点效果的。习惯某宝的可以直接下订单，喜欢购物的可以直接去理发店。</p><p>如果超过50多，你以为你买到高端的喷雾了是么？其实你是被宰了。以前有朋友就在理发店买了70多一瓶。其实这些一般在25，30这两个价位。当然你觉得这种价格LOW，要去高端地方，你可以去那种装修很高端的理发店，但貌似他们进货渠道是一样的。总之多尝试，你会找到适合你的。</p><p><strong>（2）定型湿胶</strong></p><p>操作难度：★★★☆☆</p><p>定型硬度：★★★★★</p><p>适合发质：所有。</p><p>缺点：操作难度大，适合专业人士造型。</p><p>新手不推荐用湿胶定型，操作难度略大。</p><p><strong>（3）定型发泥</strong></p><p>操作难度：★☆☆☆☆</p><p>定型硬度：★★★★★</p><p>适合发质：发质偏硬的短发。</p><p>缺点：太长头发不适合，容易沾灰（发泥比较像泥巴一样的东西）。</p><p>推荐某宝购买，理由是价格适合大众。发泥造型的时候一定要等头发快干了再造型，因为发泥遇到水直接溶解，失去造型能力。注意细软长的头发不适合用发泥。</p><p><strong>（4）发蜡</strong></p><p>操作难度：★★★★★</p><p>定型硬度：★★★★☆</p><p>适合发质：所有。</p><p>缺点：操作难度过大，适合专业人士，没有用好就一块一块的，好像几天没有洗头。</p><p>不同的发蜡定型效果和光泽都不一样，不推荐男性用发蜡。你用过就知道了。</p><p><strong>（5）啫喱膏</strong></p><p>操作难度：★☆☆☆☆</p><p>定型硬度：★★★☆☆</p><p>适合发质：发质偏硬的所有发型。</p><p>缺点：对发质的要求比较高，必须是比较硬的发质。</p><p>啫喱膏和发泥的最大区别是前者定型能力没有后者好，其他没有太大区别。发质好的同学可以用啫喱膏，啫喱膏在一般的商场都有卖。</p><p>男生中短发，只要不是太长的，发泥和啫喱膏都能搞定，但这当然得建立在你的发质硬度不错的情况下。</p><p><br></p><p style=""color:#999;font-size:13px;font-style:italic;"">更新时间：2021-01-28</p>",25,https://www.weiwei567.com/addons/mm_las/images/ktfl/ktmr.png
1894,成为VIP会员，可全面解锁所有课程哦！,"<p></p><p>把妹，从运动健身开始，一个好的身体形象，会让你和女生交往起来事半功倍，不信你来试试。</p><p></p><p>健身很容易就松懈放弃，今天聊聊5个健身小技巧，让你坚持到底，成为女生心中的型男。
 </p><p><strong>1.明确自己的目标</strong>
 </p><p>相信每个人减肥之前，都会给自己定一个小目标，不管你是想瘦20斤还是想瘦50斤，首先你应该明确自己的目标。这样，当你看到之前的付出已经得到了回报，离你的目标只剩下2/3，那你会有更大的力量继续加油。
 </p><p>健身一般都会在2个星期的时候松懈下来，你可以把目标放长。例如想想之前的一个月时间瘦了多少，这次也要把时间维度定在一个月上，虽然两周没有变化，但是再坚持下去，后面两周就能迅速减脂。
 </p><p><strong>2.改变运动方式和强度</strong>
 </p><p>健身的运动有很多，跑步、踩单车、游泳、爬楼梯等，不管你是通过哪一种有氧运动健身的，不妨换一种运动模式。</p><p><strong>3.休息一会</strong></p><p>
运动健身进入瓶颈，也有可能是你真的累了，古人云，以退为进。运动一段时间之后没有效果，不妨休息几天，让身体进行自我调节，恢复到最好的状态。当人进入疲劳的时候，新陈代谢就会下降，这也会影响到你日常生活中的燃脂能力。毕竟，基础代谢才是消耗能量，燃烧卡路里的大头。</p><p><strong>4.改变饮食</strong></p><p>
想要健身成功，除非付出非常长的时间，不然多多少少都要对饮食有所调整。我们可以吃得更为清淡一些，或者把晚餐的时间提前，或者吃得少一点。
 </p><p><strong>5.给自己新鲜感</strong>
 </p><p>运动健身，是人体的主动行为，当你进行了一段时间之后，身体会适应这个节奏。给自己一点新鲜感，如果你喜欢跑步，可以改变一下跑步的节奏，跑步的时长，跑步的路线等，这些都可以让你自己变得更为兴奋。</p><p><br></p><p style=""color:#999;font-size:13px;font-style:italic;"">更新时间：2021-02-01</p>",25,https://www.weiwei567.com/addons/mm_las/images/ktfl/ktmr.png
1893,成为VIP会员，可全面解锁所有课程哦！,"<p></p><p>我们衣柜里的某些元素往往容易被忽略。我们对穿上的服装，从出门到回家，一般没有太多的考虑。但即使是最永恒经典的男装，也在时刻发生着细微的重塑。</p><p>
例如，在过去的几年里，时尚雷达告诉我们男人的牛仔风格已经发生了一些变化。牛仔裤继续在现代绅士的衣柜中扮演着重要的角色，而即使是对你当前的牛仔裤进行小小的调整，也可以立即使你看起来更加时尚。</p><p>
老练的牛仔裤拥护者早已经知道发生了什么变化。尝试一种新的水洗风格，修身，甚至尝试不同品牌，可以为你营造一个新的面貌，确保你的个人风格和你的衣柜没有过时。</p><p>因此，牛仔裤的关键因素是什么呢？</p><p><strong>1.休闲一点</strong></p><p>
流行趋势是越来越突出人体的中部，因此坚持更修身，让你的膝盖和小腿不再惹人注目。直腿或略呈锥形的裤腿，后者最适合腿较短的男士。</p><p>在购买牛仔裤时，要确保穿几日之后臀部既舒服又合身。</p><p>你可能会注意到，虽然仍然显苗条，但牛仔裤较之前稍微宽松了一些。要有适当的宽松空间，但也不能松松垮垮的呢。</p><p><strong>2.不要亮色</strong></p><p>
我们可以选择土黄色，卡其绿，酒红色或深蓝色。除非你有一个特别的明亮颜色的完美运动计划，否则还是坚持低调的色调吧，让它们取代你衣橱里那些耀眼颜色的牛仔裤吧。</p><p><strong>3.裤长的问题</strong></p><p></p><p>牛仔裤有着很强的实用性，卷边可以适应特定风格的鞋，但脚踝边多余的膨胀永远是不可接受的。所以，在这里有两个选项是你要考虑的：</p><p>（1）在你的脚踝末端卷边：刚好能触动到你的脚上部。这个长度与休闲鞋，靴子非常搭配，在温暖的天气里能露出一点袜子或脚部。</p><p>（2）比踝关节末端高两英寸：长边牛仔或边角作用精良的牛仔裤这样翻，看起来会很棒，这样也有助于打破你垂直的单一感，对于腿部够长的高个子来说是非常适合的。然而，这也意味着腿短的男人，应该尽量避免，这样会使他们的腿看起来比实际更短。</p><p>最后请记住，最棒的时尚风格，就是一定要适合自己！</p><p><br></p><p style=""color:#999;font-size:13px;font-style:italic;"">更新时间：2021-01-31</p>",25,https://www.weiwei567.com/addons/mm_las/images/ktfl/ktmr.png
1892,成为VIP会员，可全面解锁所有课程哦！,"<p></p><p><strong>口臭与体味是个人形象的头号杀手。</strong></p><p>
味道可以让她神魂颠倒，也可以让她夺路而逃。嗅觉是五感之中记忆留存最长的感觉，女人也许会因为味道记住你一辈子。 我们都要知道的是，口臭、汗臭、狐臭绝对不是什么男人味儿。</p><p><strong>克服口臭最有效的方式是好好刷牙和勤喝水。</strong></p><p>
以前我老说“大众情人不能没有水”，是因为我深知多喝水的重要性。另外，常备一些口气清新剂和薄荷糖也不错。如果常年口气重，还是得去看看医生。
 </p><p>对付体味，有的人会喷味道很浓重的香水、古龙水来遮盖，这其实是错误的。混杂着香水味的汗臭其实更恶心。
 </p><p>正确的方式是在洗完澡以后往身上喷一些止汗露或者是香氛。最重要的是洗澡得认真勤快，随随便便冲一下的话，身上的味道是不会好闻的。衣服也得勤换，臭味通常都是从脏衣服上飘出来的。
 </p><p><strong>总而言之，坚持保证干净整洁，不用多久体味就会跟你说再见！</strong></p><p><br></p><p style=""color:#999;font-size:13px;font-style:italic;"">更新时间：2021-01-29</p>",25,https://www.weiwei567.com/addons/mm_las/images/ktfl/ktmr.png
1891,成为VIP会员，可全面解锁所有课程哦！,"<p></p><p>不知你是否总是感觉时尚达人们的街拍特别帅，然而自己有着同样的服装样式却无法穿出有型的味道？那是因为想要穿得有型除了要具备流行敏感度之外，还需要更多细节来支撑，而这恰恰是最容易被忽略的。穿得好不好看，有没有品味，关键在于穿衣搭配。
 </p><p><strong>什么是搭配？</strong></p><p></p><p>很多人误以为花很多钱在买衣服上，就能让自己穿得好看。其实你花的钱和打扮出来的效果并不是完全成正比的。我不建议你一夜间把衣柜的衣服全部换掉，培养时尚感是一个漫长的过程，你的外形会随着审美的提升而改变。随着这方面的进步，你衣橱里的旧衣服自然会被不断提升的品位渐渐淘汰。在刚刚开始打扮自己的时候，拥有一两件特别亮眼的单品，颜色呼应一致，组合起来就可以叫作搭配！</p><p>
比如T 恤上的色块和皮鞋的颜色一致；袖扣、表带和领带的颜色一致……
 </p><p><strong>稍微注意一下，让自己身上穿的颜色有一定程度上的统一，就可以形成简单的搭配。</strong></p><p></p><p>如果你不想太过费心，按照这个原则就可以了，至少不会出丑。以下两个图可以简单感受下：</p><p>穿搭这个命题太大，如果真的想在搭配上出彩，还是花点时间抱抱时尚杂志的大腿为妙。比如《智族》（GQ）就有一个常规板块，是让模特示范一些当季的搭配，里面所用的服饰都比较基础，你只要照着图例的样子穿就可以了。
 </p><p><strong>多看多学多尝试，你的穿搭品味一定会得到不断的提升，到时候你会有意想不到的收获！</strong></p><p><br></p><p style=""color:#999;font-size:13px;font-style:italic;"">更新时间：2021-01-30</p>",25,https://www.weiwei567.com/addons/mm_las/images/ktfl/ktmr.png
1890,成为VIP会员，可全面解锁所有课程哦！,"<p></p><p>一直以来很多地方都有说到怎么变帅的方法，包括提升衣品穿搭，而我们除了知道怎么穿之外，也要适当了解一些需要尽量避开的款式，在平常穿着的时候多注意。
 </p><p><strong>1.带有slogan（标语）的T裇</strong></p><p></p><p>就是那种印着各种奇怪口号的T裇，什么“我只吃饭不洗碗”，“李小花是个碧池”，还有“从心”之类的。看起来真的很奇怪，特别是走在大街上，穿着这样的T裇跟妹子打招呼，妹子绝对是想马上逃离的。
 </p><p>印着的口号，就像是你想跟对面走过来的人说的话，让人感觉是很不礼貌的。另外也显得很幼稚，所以身为一个帅男，要矜持，用自己的语言和气质，而不是用衬衫上的口号表达想法。</p><p>
相反，经典花纹，或者纯色有质感的T裇，才是正确的姿势。
 </p><p><strong>2.喇叭牛仔裤</strong></p><p></p><p>牛仔裤怎么穿，都可以显得很帅，但除了喇叭牛仔裤！是的，喇叭裤曾经风靡全球，但那都是历史了。现在穿喇叭裤，显得有些不合时宜。耷拉着的裤脚，堆积在鞋面上，看起来很容易让人觉得邋遢，同时也显得腿短，对于想要显高的小伙伴，毫无用处。
 </p><p>相比于耷拉着的喇叭裤来说，合身的牛仔裤穿起来更自然，更帅气。一款修身的牛仔裤，能够适合大多数小伙伴的身材。如果腿比较粗，那么考虑直筒牛仔裤，颜色以深蓝色，黑色为主。搭配衬衫，外套，休闲西装都瞬间更有型。
 </p><p><strong>3.中华韩版英伦贵族衬衫</strong></p><p></p><p>春夏，出门已经不再需要穿着厚厚的羊毛外套、休闲西装的时候，衬衫开始进入人们的视线。但是大家都穿差不多版型，差不多颜色的衬衫，看起来是不是太低调了呢？</p><p>
那些乐于hold场子的小伙伴，总是喜欢穿上一件造型夸张的花衬衫，试图在舞厅聚会上聚集目光。然而穿夸张的花衬衫，聚集的不一定是善意和崇敬的目光。</p><p>要显得成熟有韵味，还是穿上经典款的牛津衬衫或者牛仔衬衫吧。简洁纯粹的牛津衬衫，更容易显得有品质、有内涵。搭配牛仔裤，斜纹棉布裤，灯芯绒裤都很不错。牛津衬衫和牛仔衬衫，是最应该放进男人衣柜的单品了。</p><p><strong>4.塑料/木纹首饰</strong></p><p>
有些小伙伴是很钟情于木质首饰和串珠的。不过20来岁的年纪，串珠和木纹首饰感觉有点跟年龄不太符合。
 </p><p>如果你真的想找点缀的东西来提升搭配的层次感，那么可以找一些比较有质感的金属配饰会比较好。其实对于男生来说，最好的配饰就是手表，没有之一。手表不仅具有装饰作用，还有看时间的硬功能，绝对值得拥有。
 </p><p><strong>5.工装短裤</strong></p><p></p><p>工装裤一直都是备受推崇的款式，也有越来越多的品牌，开始把工装短裤放在了货架上。工装裤有足够多口袋，看起来能够放进很多东西，包括手机、钱包、钥匙等，功能很强的样子。</p><p>但是实际上，工装短裤真的不好看。如果你还想要穿得帅气一些的话，那些简洁修身的斜纹棉布短裤，才是正确的选择。特别是腿比较粗的小伙伴，远离工装短裤，因为它只会让你从视觉上看起来腿更粗。</p><p>而简洁修身的斜纹棉布裤，在夏天的时候，搭配上衬衫，纯色t恤，薄外套，也可以很帅。</p><p><br></p><p style=""color:#999;font-size:13px;font-style:italic;"">更新时间：2021-01-29</p>",25,https://www.weiwei567.com/addons/mm_las/images/ktfl/ktmr.png
1889,成为VIP会员，可全面解锁所有课程哦！,"<p></p><p>护肤品只是在外表留住了你的年轻，停止使用，就会加速衰老。想要保持年轻，还需要正确的生活态度和生活习惯，才能使你保持健康的身体和年轻的心态，而年轻的内在会帮助你留住年轻的外表。
 </p><p>延缓男士皮肤老化的8个生活习惯：
 </p><p><strong>1.男人也是水做的，每天要喝2-3升水。</strong></p><p></p><p>正确的喝水方法 ：将一杯水小口小口地喝下，如果一口气喝下，细胞来不及吸收，那只能是浪费。抛弃含有糖分和脂肪成分的咖啡和清凉饮料，他们会让你的血液变得粘稠，糖分也会转为脂肪。酒后一定要大量饮水，排除身体内的酒精成分，因为酒精会带走你的水分。</p><p><strong>2.多喝绿茶。</strong></p><p></p><p>因为绿茶含有最强的氧化剂“儿茶素”，它对抗自由基的效用等同于维生素C的100倍或者维生素E的25倍，而自由基是造成脸上80%皱纹的原因。绿茶还具备保护细胞组织，防止皮肤氧化的能力，能够有效地防止老化。坚持喝绿茶还能降低胆固醇，控制高血压，降低血糖和预防癌症。</p><p><strong>3.不吸烟或少吸烟。</strong></p><p></p><p>吸烟破坏健康，破坏容貌。尼古丁会阻断血液向皮肤输送营养物质和氧，加速胶原蛋白的分解。</p><p><strong>4.多吃海产品，肉类和动物内脏。</strong></p><p></p><p>海产品，肉类和动物内脏含有丰富的锌元素，锌元素可促进防止细胞氧化的酶类的产生，有淨化身体内部的功效。</p><p><strong>5.保证每天至少吃5种蔬果。</strong></p><p></p><p>维生素能极大地促进身体机能的健康运转。另外，远离高油，高盐的食品。
 </p><p><strong>6.早睡早起。</strong></p><p></p><p>睡觉是身体恢复活力的时间，睡眠不足会让你的皮肤暗淡无光，保持充足的睡眠和规律的生物钟，能够使细胞保持活力，排除毒素，皮肤也会保持抗老化的良好状态。
 </p><p><strong>7.坚持运动。</strong></p><p></p><p>运动不仅能使身体各项机能运转良好，还有助于排除体内毒素，促进新陈代谢，让皮肤健康。</p><p><strong>8.学会排解压力。</strong></p><p></p><p>过重的压力会让你身心疲惫，不快乐的内心怎么会有容光焕发的状态呢？</p><p><br></p><p style=""color:#999;font-size:13px;font-style:italic;"">更新时间：2021-01-29</p>",25,https://www.weiwei567.com/addons/mm_las/images/ktfl/ktmr.png
