2075,成为VIP会员，可全面解锁所有课程哦！,"<p>女人出轨和男人一样都是有着很多方面的因素，男人的忽略、缺少陪伴、缺乏沟通、压力大等都是容易导致女人出轨的原因，你要找到你的女人出轨的真正原因，才能从根源上解决问题，关于女人出轨的原因和如何挽回。</p><p>女人出轨的原因
一般来说，对方之所以出轨，肯定是因为在与你的相处中已经出现了问题。既然你要挽回，就不能把责任放到对方身上，而是要先从自身出发，改正自己相处中的不足，不断提升自己，才能让对方对你重新有感觉。所以下面就分析一下女人出轨的4大原因，从源头来解决问题。</p><p>1、寂寞
这种情况一般是男人把精力放在工作或者其他事情上，没有去真正关注这个女人。出现了这种情况，说明你们两个之间的感情其实已经很不稳固了。</p><p>久而久之，对方就会认为你已经对她没有情分，而如果有了机会，她就会选择从外面去找这种恋爱的感觉，所以说选择出轨。所以说，作为丈夫的你，一定要学会维护好感情的交流，别让婚姻名存实亡。</p><p>2、性生活不和谐
在婚姻中，性是非常重要的。如果两个人的性生活不和谐，那么对婚姻关系的影响会非常大。</p><p>不论是忙于工作还是其他原因，如果你没有做好这一个方面，那么对方长久得不到性的满足，那么很容易产生怨气，最后发展成出轨。其实要过一个和谐的性生活非常容易，你肯愿意去花心思，与对方有情感上的交流，就能让双方满足。</p><p>3、对你不认同
也许在生活的各方面，她对你都已经不太满意了。可能她觉得你赚钱不够多，心底里觉得你配不上她;也可能她觉得你太弱，比很多男人都比不上。</p><p>归根究底，是因为你没有做好自己男人要做的事情，没有去建立自己的框架，让对方去认同你。所以说，一定要懂得反省，然后去做成为一个她想要的男人。</p><p>4、报复
这个原因就很明显了，你出过轨。对方对你的出轨始终放不下，很大的原因是你并没有人让对方获得一个很好的婚姻中的满足。</p><p>她总是感觉，你对第三者的时候，比对她还好很多。你没有去努力维护自己的生活，那么她也不需要继续维护婚姻了，所以选择出轨。</p><p>该如何挽回女人的心
关于女人出轨的话题已经屡见不鲜，如果你问我，女人出轨会上瘾吗?</p><p>答案是会的，也许你认为对她已经足够的好，足够的包容，三番四次背叛你的原因也许就是因为你盲目的纵容，看不到自己身上的不足，让她对你已经没有追逐的渴望了。那么，该怎么挽回女朋友的心，以下几点能帮到你：</p><p>1、学会带领她
女人如果三番四次有出轨的现象，证明她认为在你身上得不到她想要的精神享受，并且不愿意为你投入。出轨的女人希望在别的男人身上找到你没有给予过的激情和享受，所以尝试建造跟她共同的价值观，反思一下自己是否给予了她想要的。</p><p>男人的恋爱等级必须得提升，否则他是没有带领女人的能力的。一个男人连自己的女人都无法带领，这在本质上是有问题的，就连他的生活、事业，在他朋友和家人眼里边，都是有问题的。</p><p>2、提升吸引力
经调查，恋爱后男女的吸引力会有明显下降，女人会比较明显，没有单身的时候这么爱打扮了。但女朋友出轨，很明显地是说明你的吸引力是她低的，挽回她的心，需要提升自己的吸引力。</p><p>换上精神简洁的发型，在不同的场合穿不一样的造型，把自己打扮成一个有品味的男人。另外，在社交上 ，多认识不同层次的朋友，多参加户外，高品质的活动，让她看到你对生命的热爱，对生活的追求。</p><p>3、制定短期稳定的目标
每个女人都希望在自己的男人身上看到未来，感受到幸福的憧憬。一起制定短期稳定的目标，比如：一趟旅行，报读兴趣班，健身计划等等，但前提是你必须完成的事情。</p><p>当一个男人在女人心中形成说到做到，有理想抱负的形象，慢慢地对方愿意为你付出更多，想更好地跟你享受未来的生活。慢慢地去追逐跟随你的脚步，也不愿意寻找其他男人了。</p><p>当你发现你的女人出轨，千万不要责备她，女人出轨多数是对自己的男人感到失望了，你要从自己身上找到你的女人出轨的真正原因，才能成功地挽回她，更重要的是要挽回你的女人的心，让她对你重新有了信心和希望。
随着社会的快速发展，人们对于感情似乎变得越来越“随意”，婚姻想要细水长流变得更难了，“不合则分”的思想鼓励人们勇敢去追求幸福。</p><p>但这分分合合就真的能让你找到最适合的那个人，让自己收获幸福吗?</p><p>电影《复合大师》的出现似乎说明了一点，还是有很多人想要挽回自己的婚姻跟感情的。</p><p>所谓的完美的关系并不完美，都是不合适的两个人最后磨合到只剩彼此都能接受的、大部分的小问题，最后才在一起。
      
当你们的婚姻出现危机，小三出现了的时候，又该怎么办?</p><p>一、认真想想：不合真的就要分吗
在遇到妻子出轨这件事后，丈夫因为不能忍受自己在不知不觉中就被戴了“绿帽子”，自己的尊严受到了严重挑战而将怒气都发泄到妻子身上，于是争吵就这样产生了。</p><p>当这种矛盾累积到了最高点时，离婚就被你们提上了日程。也许只有当妻子离开后，丈夫才会发现意识到对方的珍贵和婚姻的不易。</p><p>当相处出现问题的时候，丈夫不妨想想，妻子出轨了就真的要离婚吗?究竟她为什么要出轨?是因为她对这段婚姻已经失去了信心?</p><p>还是因为自己的忽视让她觉得自己不被重视?是因为你们的相处太过平淡，让对方厌倦了?在她向你抱怨需要你安慰的时候，你却三言两语敷衍她?</p><p>二、女人需要的男人
其实婚姻中被出轨的那一方才应该负更多责任。男人之所以出轨是因为女人没有想办法跟上老公的步伐，从而起到维护婚姻的作用，从进化学的角度来讲，结婚前，是男人在追逐女人，在维护感情，婚后，男人的价值越来越高，就理应由女人来维护，这是一件很公平的事儿。</p><p>而婚后女人出轨，反而说明男人的价值太低。</p><p>女人需要被男人带领，哪怕是强势的女人，内心深处也希望有一个比她强势的男人征服她带领她!所以，纵然妻子对你们的婚姻有多么的不满意，如果她身边没有出现能弥补她在你身上不能体会到的体验的话，她是不会选择出轨。想要让妻子回归家庭，丈夫就应该提升自己的价值。</p><p>何为高价值?</p><p>我们可以从身材长相、言行举止、财力权力等方面感受到对方的高价值。而丈夫的高价值可以从带领妻子这方面去体现。</p><p>首先，丈夫要做的就是改变，改变自己的外在形象，包括选择更加适合自己的发型和穿着;提升自己的内在，培养自己新的兴趣爱好，多参与活动，让妻子看到你积极精彩的一面。再通过带领妻子一起尝试从未做过的事，让对方感受到和你在一起时的开心和轻松。</p><p>当丈夫运用上述的方式去挽回妻子，让她更能得到满足时，她自然会远离小三。</p><p>在挽回成功后，丈夫应以理解包容的态度接纳妻子，并时常进行沟通，了解彼此的需求，这样的婚姻才能让你们收获幸福感。</p><p><br/></p><p style=""color:#999;font-size:13px;font-style:italic;"">更新时间：2021-01-31</p>",44,https://www.weiwei567.com/addons/mm_las/images/ktfl/ktlb/ktd.png
2074,成为VIP会员，可全面解锁所有课程哦！,"<p>首先，你必须面对这三个事实：
1.老婆出轨了
2.老婆与出轨对象有了孩子
3.老婆要与你离婚</p><p>然后，自问几个问题，决定是否要再给对方一次机会。</p><p>她过去是否有过出轨？此类行为一旦成为习惯很难戒除，绝不能出现第二次。接着设身处地思考一下，自己处于同种境况是否也会出轨？思考一下对方出轨的原因是什么？当她出轨时，你们的关系如何，她是否感到压抑、痛苦？她坦白后的痛苦是否超过你？为什么她执意与你离婚？自己还能不能接受并原谅出轨后的妻子？</p><p>综合考虑过以上问题后，要挽留还是要离婚，相信你能给自己一个答案了。如果离婚，可以提前收集好出轨证据，以便获得你的孩子的抚养权和大部分的共同财产。</p><p>如果考虑要挽救婚姻，做到以下几点，则胜券在握：</p><p>一、弄清楚老婆出轨的真正原因和她的需求</p><p>面对老婆的出轨虽然很心痛，但是自己的心里依然很爱她，自己比较珍惜多年的感情。要知道一个破裂的婚姻会给孩子的一生留下阴影，何况人非圣贤孰能无过，过而改之善莫大焉。如果选择原谅老婆的过错，那么不要一味的包容。双方要有一个明确的交流和沟通，弄清楚老婆出轨的真正原因和需求。</p><p>根据调查显示，目前老婆出轨有以下三种常见原因：1.经济利益的诱惑。2.男色的诱惑。3.被丈夫忽略的报复。</p><p>二、做出改变，满足老婆的需求</p><p>如果确定老婆是因为经济利益的诱惑出轨的话，那么就要动之以情晓之以理，让老婆明白金钱并不是生活的全部，同时丈夫要努力工作努力发展，给老婆信心，让她看到你的潜力。</p><p>如果是老婆在夫妻生活当中得不到满足的话，那么作为老公就应该反省一下自己，是否忽略了老婆的正常生理需求，并努力学习两性知识和技巧。</p><p>如果老婆是因为自己的情感被忽视，从而产生一种极端的报复心理而冲破自己道德的底线的话，老公应该在日常的生活当中尽量陪时间多陪陪老婆，给予她足够的关爱。</p><p>三、战胜你的情敌，重获老婆的欢心</p><p>知己知彼才能百战不殆，你要打败对手就得清楚他是什么样的人。可以把情敌作为你的镜子，从他身上发现自己的不足，作为参考，努力让自己变得比情敌更优秀，重新吸引老婆的注意力。并且善于利用“老公”的身份，善于打亲情牌，多和老婆回忆当初的美好点滴，分析离婚对孩子的伤害；及时选取有利的地形，坚守婚姻这座城池，不要轻易弃城进攻，也千万不要受到干扰而自乱阵脚，要以守为攻，让情敌先失去理智，从而破坏他们之间的关系。</p><p><br/></p><p style=""color:#999;font-size:13px;font-style:italic;"">更新时间：2021-01-31</p>",44,https://www.weiwei567.com/addons/mm_las/images/ktfl/ktlb/kth.png
2073,成为VIP会员，可全面解锁所有课程哦！,"<p>分手后，每个人都有他/她们的处理方式。有消极面对的，也有积极乐观的。其实，失去一个人并不代表你失去了整个世界，你依然要继续生活，人生路漫漫，你还有很多路要走。所以，分手后，千万不要犯错，以免走向令你无法回头的路，避免你们都受到弥天的伤害。因此，分手后，不管你是否想挽回对方，以下行为是禁忌的：</p><p>一，萎靡不振</p><p>由于分手的痛苦，有些人便会无法自拨的陷进去。变得自暴自弃，同时觉得整个世界都是灰暗的。颓废的生活里，不好好打扮自己，不愿意跟外界有任何接触，不工作，生活变得一塌糊涂，毫无节奏，甚至学会了抽烟、喝酒。殊不知，抽烟会上瘾，喝酒也没有好下场。分手后，应该让自己的生活精彩起来，应该重新振作，而不是陷进悲伤的世界里面，导致自己养成一些不良的生活习惯。</p><p>二，失去理智</p><p>或许突然间失去了另外一半了，很多人会变得不知所措，觉得不知道如何是好，对很多事情开始失去理智。特别是对对方的态度，有些人会像疯了一般去找对方，不停的打电话、发短信；有的人就会在朋友面前说对方的坏话，不断的说对方的不好，说对方跟你在一起时对你有多么的差，让身边的朋友都疏远他/她。这些一系列行为，只会令你们的距离越来越远，只会令对方越来越反感你，让对方觉得你已经失去理智了，而对方更加不会挽回你。分手并没有你想象中的可怕，失去一个人，没有什么大不了。分手应该是潇洒的、洒脱的。</p><p>三，不改变自己</p><p>之所以对方跟你分手，肯定你有你存在的问题，而你却一味的陷进分手的痛苦里面，不愿意去找出你存在的问题，不去改变自己，甚至还觉得分手错不在于你，认为错在于对方。所以，对方主动跟你分手了，一定有你存在的缺点，要擅于发现自己的缺点，然后去改善，不断的提升自己的魅力，让对方看到你的改变，重新吸引对方。</p><p>不管你是否想挽回对方，切记，以上行为都是分手后的禁忌。</p><p><br/></p><p style=""color:#999;font-size:13px;font-style:italic;"">更新时间：2021-01-30</p>",44,https://www.weiwei567.com/addons/mm_las/images/ktfl/ktlb/kte.png
2072,成为VIP会员，可全面解锁所有课程哦！,"<p>私密环境是指一个不受干扰，可以安全进行性行为的空间。比如双方的房间，酒店。性爱发生的环境的私密性对性生活质量有着极其重要的影响，也直接影响你们的“成交率”和“回床率”。环境准备是对性爱过程中有可能会使用到的东西和私密环境的一个统称。那么努力挽回发展到这一步确实不容易，性生活的人心情难免会紧张，那么性爱前要做什么准备呢？大致分为心理准备和环境准备，放松心情可以让你更快消除紧张的情绪，投入性爱中；其他环境上的准备请看一下几点。</p><p>安全性首先选择一个有足够私隐性的地方，如果是在家里的话，最好可以确保在房间里不会被打扰，干净的酒店房间也是不错的选择。可以保证到你们全个过程中不会有人突然到访而打扰你们。这个安全性是保证满意发生性行为的前提，没有哪个人会希望自己的性行为变成公众事件，没有这个前提，其他因素都白扯了。</p><p>房间布置可以不花样，但一定要整洁，干净。这不是说你一定要一尘不染，但最起码地板上不能有灰尘，烟头一堆，平常习惯进房间脱鞋子，这也省了最后要脱鞋子的惯例。摆设的东西可以简单，整齐，这也给了机会让自己习惯收拾东西，床单虽然不用叠出正方形，但每天起床后花一分钟叠整齐这可很必要，衣柜里的衣裤不凌乱，打开衣柜后确保不会成山状往外泄。这也是个人生活习惯的呈现，我们可以反个角度，要是去到一个女生的房间里，什么东西都乱得一团糟，还有阵阵的异味，之前再大的兴趣也会崩溃于霎那之间。</p><p>灯光光线也是值得思考的一部分。一般不建议用日光灯，原因很简单，可能含羞答答的姑娘被那一下赤裸裸的灯光给照得无形，再自信的人在呈现自己的时候都会希望有所遮掩，这也不是见光死，取决于什么光。相对用黄色的灯光会比白色的更有情调，而且不需要太亮，以柔和为标准，昏黄的灯光可以增加朦胧性感的感觉，感觉上更性感，在或者可以选择不用灯光就点上一支香薰灯，还可以让你们心情放松之余，暧昧气氛更浓郁，另外选择更好的是用蜡烛，3到5株，扁长形状的圆柱形蜡烛，然后关上灯，让暧昧的气氛又推向一个层次。往往会有女生明知故问：“为什么点蜡烛啊？”简单一句：“这样更省电。”</p><p>关于气味，是对一个人最深刻的印象，因为人的嗅觉停留在大脑里的记忆比视觉更为长久，房间不一定有香味，但必须不能有异味。比方说衣服好久不洗丢在房间存放着，在房间抽烟的烟味等等，即使这些你都没有的话，那还有一种就是每个人身上都会有自己独特的气味，学术上称之为体味，而自身是不会察觉，所以房间必须保持通风，空气流畅，最好日常放些清新剂，不至于到发生性行为时捣乱了前进的脚步，想要更好的体会点些香薰。</p><p>音乐背景，不但可以消除尴尬的气氛，还可以让你们的升温加速。选择歌曲的时候需要注意的是尽量不找中文歌，这有一个原因，很多中文情歌或者慢歌是对方之前已经有所回忆，一首歌能勾起一段情，所以选择外文歌，钢琴曲或者其他版本的音乐是明智的做法，而且也能体现出你的品味。音乐选择方面应该尽量以柔和慢调为主，整理一套大概能用上一个小时的歌曲库，让它在你的播放器里循环播放。</p><p>细节决定成败。不要被一些本可注意的细节给捣乱了前进的脚步，而且细节的改变也是对自己生活质量的提高，不要等到女生大驾光临的时候才去亡羊补牢，从根本开始才是正确之道。</p><p><br/></p><p style=""color:#999;font-size:13px;font-style:italic;"">更新时间：2021-01-29</p>",44,https://www.weiwei567.com/addons/mm_las/images/ktfl/ktlb/ktc.png
2071,成为VIP会员，可全面解锁所有课程哦！,"<p>要守住一个原则。
父母反对你们在一起，绝对不要破罐子破摔。和父母闹别扭，和父母划清界限。这是最可怕，也是不好的处理方式。因此，个人建议一定要恪守一个原则：绝不要和父母闹僵。这样是很不好的。</p><p>了解父母反对的原因。
父母反对你们在一起，肯定有他们的担心和担忧，既然如此，为何不弄清楚他们担心的是什么呢？这一点很重要的。只要清楚了原因，才能有针对性地进行解决问题，绝不要盲目地坚持自己的想法，要试着先说服父母。</p><p>你们真的合适吗？
不论父母处于什么样的目的反对，他们无非都是担心你们以后过的好不好。这是很重要的。只有你们在一起很合适，而且爱着对方，父母一般都不会反对。抛开父母反对在一旁，一定要好好反省，你们在一起真的合适吗？真的会幸福吗？</p><p>寻求亲朋好友的帮助。
   这一点很重要。尽管父母拥有反对立场，一定要学会灵活处理，能说服一方先说服一方，再请自己的一些亲朋好友帮忙协助。其实，父母再反对，但是必要的劝说，最终也会让他们放弃。</p><p>有的方法不要轻易使用。
有的人很疯狂，遇到父母反对自己和恋人在一起了，就会不吃不喝抗议，或者离家不回，更有甚者选择先上车后补票……尽管结果是好的是好的。但个人建议，有的方法还是不要轻易使用的好！</p><p><br/></p><p style=""color:#999;font-size:13px;font-style:italic;"">更新时间：2021-01-30</p>",44,https://www.weiwei567.com/addons/mm_las/images/ktfl/ktlb/ktj.png
