2046,成为VIP会员，可全面解锁所有课程哦！,"<p>
            为了挽回这段感情，许多人可能尝试过很多方法，但对方依然不为所动，甚至拉黑，这时，你需要反思，自己是否在挽回时犯了哪些不该犯的错误。以下是比较常见的错误：
  
1.解释自己的错或争辩分手的错不在自己（增加矛盾）。</p><p>2.不断表明自己已经改过（过于表现）。</p><p>3.不停地道歉（增加压力）。</p><p>4.跟踪监视对方的行踪。 </p><p>5.联络他/她的朋友或家人（增压、切断交集）。</p><p>6.不断纠缠，打电话发信息给对方（切断交集）。 </p><p>7.一遍一遍强调自己很爱对方（需求感强）。 </p><p>8.悲观，不断往坏处想，害怕感情不能修复（负面情绪）。</p><p>9.作出承诺，让对方相信自己。</p><p>10.说气话，把话说绝了。 </p><p>11.威胁对方回到自己身边，例如以死相逼。 </p><p>12.主动断绝关系。</p><p>13.让对方把东西搬走。 </p><p>14.让对方归还所有信物、礼物。 </p><p>15.去她/他住的地方找她/他。 </p><p>16.向亲人、朋友诉说痛苦。 </p><p>17.听取朋友的意见做出愚蠢的挽回行为。 </p><p>18.在做正确挽回的过程中，一时按耐不住，暴露了挽回的目的导致前功尽弃。</p><p>19.在挽回的冷处理期间，没有很好的提升自己，改善生活状态。</p><p>20.悲观态度。</p><p>以上20条都是挽回过程中常见的错误，其中最致命的就是哀求对方再给你一次机会。这些错误，只会使你的前度离你越来越远。</p><p><br></p><p style=""color:#999;font-size:13px;font-style:italic;"">更新时间：2021-01-31</p>",38,https://www.weiwei567.com/addons/mm_las/images/ktfl/ktlb/kta.png
2045,成为VIP会员，可全面解锁所有课程哦！,"<p>
            分手后一段时间，你们好不容易可以开始约会了，你就开始飘飘然，觉得肯定能挽回Ta了。但是你不知道的是如果约会中表现不好的话，你之前所做的所有努力就会付诸东流了。约会中要注意一些问题，才可以让你的约会成功，增加挽回Ta的机率。</p><p>一、自信地面对Ta      </p><p>你之前已经通过一段时间去改造、提升自己的外形、性格、生活方式了。你要在约会中大方地把这些表现出来，展示你的魅力。不要表现得畏畏缩缩，让Ta觉得你还是以前那怂样，对你的印象回到解放前，这样想挽回Ta基本是不可能了。相反，如果你自信地面对Ta，把自己的魅力散发出来，那Ta往往就会对你的改变感到惊喜，情不自禁地把目光放在你身上，被你吸引。</p><p>二、不能提以前的事情</p><p>约会中要注意绝对不能主动提以前的事情，因为这样做的话会让Ta觉得你对Ta念念不忘，你还是很爱Ta，这样主动权就在Ta手上了，想挽回Ta就很难了。你可以聊分手后的事情，向Ta说一下你的工作、你新交的朋友，你最近在忙些什么有趣的事情等等。让Ta觉得你分手后过得很好，过得比Ta开心幸福，这样Ta很大可能就会合理化跟你分手是个错误的选择，之前在一起的不开心都是因为Ta自己造成的。</p><p>三、不能过度表现需求感</p><p>在约会中你需求感高的话，会让Ta觉得你是随手可得的。而人性本贱，越容易得到的东西，越不会珍惜。所以在约会中一定不能表现出你有多需要Ta，你有多爱Ta，这样只会让Ta继续远离你。二次吸引强调主动权，当一个人的需求感越低的时候，主动权就是在手里握得最紧的时候。所以在整个挽回过程中，需求感是一个很重要的因素。所以你不能表现出离开Ta以后自己过得有多辛苦，有多难受。你只需要向Ta表现出Ta离开你后，你一样过得很开心就可以了。</p><p>四、把握约会高峰</p><p>当Ta跟你约会过程中表现得很开心，很享受的时候，你可以考虑引导Ta去你家坐坐。你可以跟Ta说Ta还有些东西留在你家里，要不要去拿一下。要是Ta答应了，跟Ta发生关系的机会就很大了，而发生关系是确定关系最直接的方法。要是在约会中，Ta表现得一般般，那你可以在约会的高峰期，跟Ta说你有事要先走了，不好意思，下次有机会再约Ta。这样就给Ta留了个悬念，为下一次约会做铺垫。
    
分手后你做了很多努力去挽回Ta，现在终于有机会跟Ta约会了，心里肯定很开心。但是如果你在约会中表现得不好，你之前的努力很有可能就会功亏一篑了。 所以在约会中一定注意以上这些问题。</p><p><br></p><p style=""color:#999;font-size:13px;font-style:italic;"">更新时间：2021-01-31</p>",38,https://www.weiwei567.com/addons/mm_las/images/ktfl/ktlb/ktb.png
2044,成为VIP会员，可全面解锁所有课程哦！,"<p>
            分手之后，很多人就和对方没有密切联系了，担心对方会慢慢地忘记自己，担心对方会爱上别人。但是分手后死缠烂打地联系对方只会增加对方的压力，学会进行情感上的冷冻，学会创造机会让对方主动联系你，这样才能重新吸引对方，掌握主动权。</p><p>降低需求感，减少双方的矛盾</p><p>当你需求感越低的时候，主动权在你手里边就是握得最紧的时候。当你表现出强烈的需求感时，就代表着你的低价值。想要挽回你的爱情，就要学会分散你的注意力，你要有你的生活节奏，例如：去旅行，看书，学烹饪等，冷冻期间，多做些自己喜欢的事情，多尝试新鲜的事物。避免做一些引起对方反感的行为，这会给你们之间造成更多的矛盾点。所以要在冷冻期内不要有过激的行为，减少双方的矛盾点。</p><p>适当地给对方空间，提升自身价值</p><p>正确运用冷冻技巧，学会给对方适当的时间和空间，一直纠缠对方只会给对方增添压力，这会让对方合理化和你分手的决定。所以，不要不断纠缠对方，而是用自己的魅力去重新吸引他。在冷冻期间，提升自身价值，了解对方的需要，让自己的改变成为对方的需要。例如：从外表上做一个焕然一新的改变，改善一下自己的缺点。拓宽自己的朋友圈，陶冶性情，丰富自己的生活。让对方对你产生新鲜感，主动联系你。</p><p>创造机会，重新吸引对方</p><p>在冷冻期内不要主动去联系对方，但是你可以通过朋友圈的展示去吸引对方的注意。如何在朋友圈进行高价值展示呢？让自己的生活有趣起来，多做些自己喜欢的事情，多尝试新鲜的事物。去对方想去但还没有去的餐馆，拍下好看的照片，在朋友圈中展示出来，就会引起对方的兴趣，想要了解你的近况，往往就会主动去和你联系了。</p><p>分手之后要想对方主动联系你，你要学会好好审视自己，完善自己。降低需求感，减少双方的矛盾，提升魅力，通过高价值的朋友圈引起对方的兴趣，对方就会被你重新吸引，让对方主动联系你，挽回的几率也会大大提升了。</p><p><br></p><p style=""color:#999;font-size:13px;font-style:italic;"">更新时间：2021-01-29</p>",38,https://www.weiwei567.com/addons/mm_las/images/ktfl/ktlb/ktd.png
2043,成为VIP会员，可全面解锁所有课程哦！,"<p>
            很多人对分手都会抱有很恐慌的心情，似乎没有了对方，就再也活不下去了，甚至有些人会在分手后以死要挟对方，恳求对方回到自己的身边，有些人又会觉得，分手了，世界末日就要来了，整个世界都要崩塌了。其实，对于这些极端想法的人，都是因为你当初爱得越深，陷得越深，只是在他说完分手后你才发现原来你那么喜欢他。那么，很多人又会说：“分手后还能挽回吗？感觉他都已经对我死心了。”挽回的前提就是你还活着，他还活着，当然，不能牵扯到道德问题。</p><p>分手了想要去挽回对方，你就要从自身身上寻找原因，因为分手的很大一部分原因就在你自己身上。而很多人在分手后往往只会瞎着急，只想着怎么联系对方，怎么求得他的原谅。情感专家指出，这种低价值的行为，不仅不会让对方回到你的身边，反而只会让你自身的价值不断地贬低，更加合理化对方与你分手的这个决定。那么，分手了想要挽回对方，应该怎么做呢？下面听听情感专家的建议。</p><p>一、分析分手的原因</p><p>很多人你们就是因为某一件事情才分手的，只要把那件事情解决了就什么事情都没有了，这种观点绝对要更正。因为这种情况是很少会发生在有感情基础的情侣身上，除非对方根本没有喜欢过你。矛盾都是日积月累才会越来越深，最后导致对方无法再承受下去了，才会提出分手，所以，分析分手的原因必须要从客观的，根本的层面上去分析，而不是表面上，肤浅的原因。</p><p>二、增加彼此之间的共同性</p><p>你们会走到分手这一步，就证明你们之间肯定是缺乏共同性的。共同性对于挽回以及长期关系相处都会有很大的帮助，因为共同性是有利于促进你们感情的，是让彼此在日常生活中都能在某些事情上持有相同的观点，这样对方才会降低对你的反感程度，从而增加对你的好感度。</p><p>三、过高质量的生活
 
分手后更要打起精神去打扮自己，提升自我的价值，别人不会因为离开你而过得落魄无助，而是更加轻松快活，而你要做的就是过得比他更好，让他来质疑与你分手的决定，让他来嫉妒你过的生活。</p><p>分手了想要挽回对方，你就要明白，责任现在是在你自己身上的，如果你一味地怀念过去，纠结在过去当中，那么，你的挽回不会有任何进展，除了要学习正确的挽回方法，你首先还得有正确的挽回心态，这样挽回才能顺利进行下去。</p><p><br></p><p style=""color:#999;font-size:13px;font-style:italic;"">更新时间：2021-01-30</p>",38,https://www.weiwei567.com/addons/mm_las/images/ktfl/ktlb/kte.png
2042,成为VIP会员，可全面解锁所有课程哦！,"<p>
            总结起来，你这种一怒之下的分手多半不会是真正的分手。我们管它叫假性分手。</p><p>技巧是，在对方有回应时主动出击，在对方没有回应时，先提高自己、改变自己，增强自己的实力，等待时机继续进攻。但什么时候该主动进攻，什么时候该等待时机这并没有一定的规则，毕竟人是活的。</p><p>你可以试着被动看看，从对方的视线中消失，去试探对方会不会主动找你。不论是电话或是简讯，都不要再主动。因为你一直在主动，TA认为你一直都在。所以TA感受不到自己其实还是爱你的。</p><p>如果你被动，TA还是不理你的话，那么你有两个选择：</p><p>1、自己身上还有对方无法接受的，所以暂时不再主动，先改掉这些缺点增强自己的实力。</p><p>2、立即回归主动，再试试看。</p><p>你再次主动时，TA有理你、有回应你，那么代表有效果出现。</p><p>假设因为你的消失，他对你主动，那么你又有两种选择：</p><p>1.不理TA 2.开始跟TA有联系，但是故意冷淡他。</p><p>其实方法一直都在循环。主动进攻不行,就先等待时机，等时机成熟了再继续进攻。</p><p>挽回的过程同时也是对自己耐心和毅力的考验，因为挽回往往是从碰钉子开始的。其实刚开始的挽回，没有什么大起色这是很正常现象，因为TA对你的否定心理还没有被淡化。TA不理你是正常的，对你冷淡也是正常的。但情况并没有因此而变得更糟，这其实只是TA还没有反应而已。</p><p>举个例子</p><p>一个星期的时间,你发的关心短信TA都没有回复,这代表什么?</p><p>代表:</p><p>1.TA还是需要时间考虑.</p><p>2.你还没有触碰到TA的感动点.</p><p>3.也许你给TA的压力大了.</p><p>这些原因才是真正值得你去反思的。而不是去想 “TA为什么不理我”，“TA心里到底还有没有我”这些没有意义的问题。想得到对方的回应，需要努力一阵子，并不是一开始的进攻就会有效果，毕竟感情的变化是需要时间的。</p><p>持续做你该做的，这样就好。</p><p>3、审视自身的错误，了解对方的需要</p><p>感情是两个人的，造成分手双方都有一定的责任。但既然选择了挽回，那么就要先审视自己身上的错误。</p><p>《男人来自火星，女人来自金星》这本书里说过：</p><p>男人需要的爱的形式，包括信任、接受、感激、赞美、认可、鼓励；</p><p>女人需要的爱的形式，包括关心、理解、尊重、忠诚、体贴、安慰。</p><p>重新审视你们的感情经历，你是否在相处时尽到了恋人的责任，你身上是否有对方无法接受的缺点....你要重新认识自己，并开始改变自己。外形、性格、为人处事的态度等等，立即开始改变。</p><p>当然，在改变自己的同时，也要去了解对方。回想一下你们的经历，TA什么时候与你在一起最开心，TA在什么时候会抱着你痛哭流涕，你做什么会让TA生你的气，你又做了什么让TA感动的一塌糊涂.....去了解对方的需要，让自己的改变去成为对方的需要。</p><p>4、给TA个人的空间</p><p>挽回中，对方对你的印象只有两种：一种是好的，一种是不好的。</p><p>好的例如:甜蜜的回忆、你对他的好、过去的种种。</p><p>不好的例如:吵架的状况、你的脾气、你的无理取闹。</p><p>当然会成功的，大部份都是对方想你的好多于不好的一面。所以你要努力的让TA去想到你的好，而不是用错的方式跟TA谈判，这样换来的只是争吵。</p><p>想让TA对你产生好的印象，你就必须给他适当的个人空间和时间来冷静。也就是说,你挽回的手段不可以太激烈。</p><p>你越逼TA，TA对你的印象就会越差，也就越无法想到你的好。所以当你们可以保持联络时，记得要拿捏时机，也要评估当下的感觉。如果不错，可以进一步，如果不太好，就要按兵不动。不要忙着更进一步，这样得到的往往将是相反的效果。</p><p>在挽回对方的过程中，你会很想知道对方的行踪，很想知道对方现在在做什么或是和谁在一起，这是可以理解的。</p><p>但是你要知道，你这样的行为是在给对方造成压力，因为谁也不想每天都生活在别人的监视之下。而且在你无法得知对方的行踪时，你会变得惊慌，会很难过。这也是在给你自己增加压力，打乱你挽回TA的步骤。</p><p>其实你大可不必这样刻意的去关注TA。对方可以做去TA自己的事情，这是TA的自由，你没必要被TA的行为举止所影响。</p><p>你心里面一定想说,为何TA现在那么快乐，难道都不会想到我的难过吗?</p><p>你要知道，人都是有感情的，TA也会难过,也会去想，只是TA不想让你知道罢了。所以别把对方的快乐，当作自己的痛苦。这样的想法很傻。</p><p>TA可以跟朋友出去玩，你也可以，而且还要玩的比TA更疯狂、更开心。</p><p>TA可以交朋友，你也可以，而且要证明你的个人魅力并不输给TA.</p><p>TA可以做自己想做的事情，你一样去做，甚至去学习TA的兴趣也是一个不错的选择记住，TA跑去哪里，做哪些事情，是TA的自由。相恋时你都无法限制，更何况是现在？所以你只要管好自己，多做一些对方可以感动的事情。再加上给TA一些需要的时间，不急躁，不给TA压力，这就是最好的挽回方式。</p><p>也许TA目前无法给你你想要的答案，但这只是目前的答案，并不代表将来的答案也是一样。或许:TA现在很快乐，享受目前的自由；TA有专注的事情要努力，暂时忘了你；或许夜深人静的时候，会想到你的好；</p><p>TA受到委屈时，也许就会第一个想到你。</p><p>不必把状况想的那么糟，你可以想成TA暂时想要一个人冷静。这样的状况，才有机会想到你的好。</p><p>不然你在TA需要冷静的时候，一直逼TA给答案，TA怎么会想到你的好呢?你为TA所做的一切挽回的努力，TA看得到，也不会忘记。说不定哪一天，TA就会回报给你。</p><p>5、坦然的面对TA,自然的表现自己</p><p>挽回过程中你问的最多的问题就是 “我该怎么办？”这是因为你害怕再做错事，再走错步。</p><p>你见到TA会紧张，会心跳加速。就算将早已准备好的台词背了几十遍，但面对TA时一样变得语无伦次....</p><p>注意，你已经被这种害怕的心理完全束缚了，这对你的挽回可一点帮助也没有。</p><p>你要尽快摆脱这种心理的束缚，坦然的面对TA,自然的展现自己的改变。</p><p>记住下面几点，无论是你还是TA，压力都会减少许多。</p><p>1.开心的面对彼此。 （你见到TA是开心的。同时也要让TA感觉到你是开心的）</p><p>2.不给对方压力。 （不强迫TA做决定或给你答案。自然的交流，就像彼此刚认识一样）</p><p>3.感情的事不要提。 （不让TA想起你之前的过错。这有利于让TA重新认识你）</p><p>4.付出可以不求回报。（其实你的付出TA是可以感受到的。这是为了不打乱挽回的步骤而进行的自我调节方式）</p><p>5.交流时的话题是轻松愉快的。（快乐是可以传染的，尴尬也是可以传染的。你紧张，TA也一样会觉得尴尬）</p><p>6.不怕碰钉子。 （挽回就是从碰钉子开始的，不要因此失去自信心）</p><p>7.懂得满足，不要心急。 （取得阶段性的进展是好事，但不要因为有了一点进度就想一步登天）</p><p>8.努力过就不后悔。（就算没有得到自己想要的结果，也能坦然的面对。因为你做到了自己对于这段感情无愧于心）</p><p>如果你能掌握这些原则，调整自己的心态，将会对你的挽回很有利。而不是满脑子想这样不对，那样也不对。这不是面对TA的心态，更不是挽回TA的方法。不要把感情问题复杂化，要活用，更要自然。让自己乐观，让对方也感觉到你的乐观；让自己快乐，也让对方快乐。如果能快乐的、自然的面对彼此，我想挽回应该不是一件难事。</p><p><br></p><p style=""color:#999;font-size:13px;font-style:italic;"">更新时间：2021-01-31</p>",38,https://www.weiwei567.com/addons/mm_las/images/ktfl/ktmr.png
2041,成为VIP会员，可全面解锁所有课程哦！,"<p>
            “我们分手吧，做回普通朋友！”倘若对方说出这一句话，你就要注意了。你最应该做的就是遵从对方的意愿，做“普通朋友”，当然了，不是叫你彻底死心，真的做朋友了。</p><p>说做“普通朋友”，其实也只是叫你换一种方式去挽回对方的心而已。因为，对方若真的说出这话的话，对方可能真的厌倦了，他/她可能是想了很久或者因为某些原因确实解决不了而说出来的，此时，若你纠缠不放，或者苦苦哀求的话，结果也不会有用，更多的时候只会徒增对方的厌烦而已。</p><p>那么？该怎样做？五个字“假装坦然放手”！尽量不要去做任何的反驳，反驳的声音越低，就会让对方觉得自己的分手理由难以合理化，继而对你产生更多的愧疚。相反，若你反驳越大的话，就越容易助长对方分手理由的合理化。面对这种情况，该怎么去应对？</p><p>首先，坦然释放！在对方坚决说做“普通朋友”时，那好，你就遵从对方意愿吧！让对方觉得自己对你产生更多的愧疚感，从而为对方接下来的后悔做准备。</p><p>再次，整体提升自己的素质。从此时开始，你就可以并且必须要跟过去让对方不喜欢的自己告别了，在这段冷静期时给自己安排好行程和日程，做些有意义的事情，给自己安排些活动项目，像舞蹈、旅游、欣赏歌剧、品酒等课程，提升自己的内在素养和品味等。</p><p>最后，给自己做好定位。一般你们在分手后，给自己做的一件事就是要做好定位。告诉自己，你虽有很大的挽回知心，但一定要保持普通朋友的关系，不要让对方觉得你仍然对他/她抱有一丝幻想，在减少对方对你的戒心的同时，又保持交集。</p><p>像可以偶尔约对方吃个饭，健个身，或者聊聊电话也可以。当对方会主动电话你或者约你的话，那你就踏入成功挽回对方的一步了。</p><p>因此，当情感出现危机时，千万不要怕对方说出“普通朋友”四个字，因为即使对方说出来了，若你用对方法的话，同样能成功挽回爱情。</p><p><br></p><p style=""color:#999;font-size:13px;font-style:italic;"">更新时间：2021-02-02</p>",38,https://www.weiwei567.com/addons/mm_las/images/ktfl/ktmr.png
2040,成为VIP会员，可全面解锁所有课程哦！,"<p>
            “冷冻”是在挽回爱情的过程中经常使用到的一种处理方法。很多人不明白挽回爱情为什么要冷冻？冷冻了不是更会使对方疏远自己淡忘自己吗？其实分手后死缠烂打低声下气的挽回才会使对方更加疏远自己。但有些人比较聪明，能知道冷冻的作用，所以他们会自己作冷冻处理。但是很多人操作冷处理后却一直没有看到成效，甚至对方更远离自己，这是为什么呢？因为很可能他们犯了以下三个错误:</p><p>一、对“冷冻”的理解有偏差</p><p>很多人认为冷冻就是断联，以为就是断开与对方的所有联系，给一段时间双方平静。其实冷冻真正指的意思不是要断开所有联系，你不找对方对方找你也不回应，而是指冷冻自己的情绪，冷冻自身的需求感，封住双方的矛盾点，让矛盾点随着冷冻的时间而逐渐下降。在挽回的时候，当你的需求感过高，对方就会觉得你随手可得。而人性本贱，人对于随手可得的东西是不会珍惜的。所以采取冷冻的目的就是要降低需求感，而不是仅仅的不联系。</p><p>二、在冷冻期里用错了方法</p><p>有些人正因为对冷冻的理解出了错误，所以导致了他们的操作也出了错误。他们可能是自己主动断开了双方的所有联系；可能是在不适合终止冷冻期的时候提前终止了冷冻；可能是在冷冻的期间与对方联系的时候暴露了自己过强的需求感等等。其实如果还能与对方联系的话就最好保持联系保持交集，不要自己把联系给抹杀了，要挽回首先是要联系起来。在冷冻期间，如果对方主动联系你，你要合理的回应，但不能暴露自己的需求感。那什么时候才该结束冷冻时间？其实冷冻时长没有具体的时间表，结束冷冻时间是要视乎于你们的矛盾点是否下降了，对方是否重新被你吸引了而决定的。</p><p>三、在不该冷冻的时候使用了冷冻</p><p>其实冷冻并不是所有的挽回爱情都适用的，有些挽回需要冷冻，但有些情况是不需要冷冻的。比如是假性分手。双方分手后，对方还会跟你联系、不抗拒跟你见面、对你的事情还会有关心，这种情况就属于假性分手。如果在假性分手的情况下你使用了冷冻，那么原本对方对你剩下的一点热情都会被你的冷冻而冲淡了，导致最后变成了真性分手，把对方推得更远了。</p><p>对于冷冻，如果按照正确的方式执行的话就能有效地提高挽回成功的机率，但如果操作不当的话则会有反效果。</p><p><br></p><p style=""color:#999;font-size:13px;font-style:italic;"">更新时间：2021-01-28</p>",38,https://www.weiwei567.com/addons/mm_las/images/ktfl/ktmr.png
2039,成为VIP会员，可全面解锁所有课程哦！,"<p>
            我怎么才能让前女友回到我的身边？她现在已经和另一个男人开始谈恋爱了。这是一个很大的问题，男人们都害怕发生这样的事情。 但很不幸，这是很普遍的情况。</p><p>事实上对于大多数女人来说，如果有很好的其他男人在等待她，那么她会愉快的离开你。 除了那种很自信很独立的女人之外，大多数女人只是需要一个人陪伴，只是不想孤独而已。</p><p>现在这听起来像是一个坏消息，但让我们从她的角度来看这件事：</p><p>如果她离开了你，那么这就说明你没有满足她最重要的需求。分手后如果有一个男人可以安慰她，给她想要的东西，那么她就会高高兴兴的接受这个“男友”的存在。</p><p>如果她很快就和别人在一起了，通常原因是这个幸运的男人在一个正确的时间出现。但这并不意味着她对他的感情会持续下去。 实际上大部分的短暂恋情都是因为下面的原因：</p><p>·她处在很痛苦的阶段，需要有个人来安慰她，帮她渡过难关。
·现在的情况是她认为你让她不开心、难过，而这个新人让她很开心，忘记不愉快。
·他理解她，他会倾听，他给她所需要的关注和感情。</p><p>你首先要做的事就是：
·在她的周围表现的冷静，自信。
·可以坦然面对过去，不在乎她是否关注其他男人。
·展示你的成就，你的变化。
·按照你自己的意志去生活，不用迁就她。</p><p>以此证明你已经改变了，无论是你对她的认可还是关心，对她的支持或者帮助，证明你不会再重复以前让她失望的事情了。</p><p>你不是那个只会说：我理解你，我支持你，一直听她抱怨的那个男人。 你是那个让她开心，充满激情的人，让她的生活不再枯燥乏味，给她最美的未来，你就是那个“值得”她爱的人！</p><p>所以，下面的事情是绝不可以做的！
·乞求
·痛哭
·情绪化
·生气
(如果你现在已经犯了错，那么在你能控制好自己之前，和她保持断联)</p><p>下面这些也是不能犯的错误:
·她的要求你都会满足
·无论黑天白夜何时何地都会接她的电话
·送她情书或者是追求短信
·当有人追求她的时候，你支持她
·不能等她做出决定要和谁在一起
·给她发送长篇抒情散文 </p><p><br></p><p style=""color:#999;font-size:13px;font-style:italic;"">更新时间：2021-01-30</p>",38,https://www.weiwei567.com/addons/mm_las/images/ktfl/ktmr.png
2038,成为VIP会员，可全面解锁所有课程哦！,"<p>
            许多人被分手后，陷入痛苦的边缘难以自拔，急切想要挽回，于是挽回的第一步就是不断纠缠对方，不断电话联系短信轰炸、不断道歉不断承诺、甚至经常出现在对方的家附近，期望打动对方答应和自己复合。</p><p>这种偏激的挽回方法只会增加对方的压力，使对方觉得和你一起越来越累，从而更加远离你，甚至把分手合理化，认为和你分手是正确的，你想要挽回就更加困难了。</p><p>所以，想要成功挽回，挽回的第一步应该先给爱情进行降压。</p><p>降压能帮你们降低矛盾点</p><p>当你们因为感情问题闹矛盾的时候，对方指出你的缺点，你感到不服气，于是反驳对方的话，使两人的矛盾不断加深，你的行为会使对方认为你死性不改，和你一起是难以看见未来的，这样就会更加不想和你在一起。</p><p>想要缓和矛盾，你需要懂得给对方降压，当对方指责你的时候，无论对方说的话是对还是错，你都不要反驳，不要为自己辩解，而是懂得让步，耐心听对方把话说完。</p><p>然后认可对方说的话，和对方说：“我觉得你说得对”，人们通常对和自己持有相同意见的人都容易产生好感，你认同对方的话，虽然不能立刻帮你挽回，但是起码缓和了矛盾，降低了矛盾点，为挽回争取机会。</p><p>降压能有助你更好地完成二次吸引</p><p>当你们分手之后，你千万不要纠缠对方，因为这时候无论你说什么和做什么都被对方全盘否认了，你需要采取冷冻的方法来给对方降压，先不要再联系对方，不要再打扰对方，给对方时间和空间，让对方能冷静地思考你们的关系。</p><p>在冷冻期间，你需要不断提升自己，可以通过学习、培训、与人交流等，提升自己的素质和修养，让自己更有魅力，重新吸引你的前度，让你的前度对你的印象改观，重新关注你。</p><p>挽回并不是容易的事，它要求你懂得尊重对方、理解对方，挽回第一步不要采取过激的挽回方法，而是通过给对方降压，使对方不再想起你的坏，而且通过冷冻逐渐想起你的好，同时通过不断提升自己，去重新吸引对方的注意，你的前度才会重新被你吸引，回来你身边。</p><p><br></p><p style=""color:#999;font-size:13px;font-style:italic;"">更新时间：2021-01-31</p>",38,https://www.weiwei567.com/addons/mm_las/images/ktfl/ktmr.png
2037,成为VIP会员，可全面解锁所有课程哦！,"<p>
            好马不吃回头草，但那棵草很好，为什么不能吃？</p><p>不吃回头草，无非是蠢货们的自我安慰而已，不要因为自己的错而断送这段关系。</p><p>我的朋友黄瓜向我倾诉。又是跟菊花的事情，听着头都大了。最近我跟菊花分手了。我说怎么了，说分就分。他说，哎，怪我，对她看的太紧，给她压力太大了。</p><p>还有就是总是小题大作，她不理我我就不开心，就容易吵架。还有就是我不想让她跟男生走的太近，我经常看她手机，她不喜欢。还有就是我不注意形象，她说过很多遍了，我也没改。还有就是......</p><p>我说停。</p><p>擦，你怎么这么多毛病啊，你也是个爷们儿，怎么干着娘们儿的事。</p><p>我说，你说点你给菊花干过的好事，我听听还有希望么。</p><p>说到这，黄瓜似乎也是有一大堆话，表情由刚才的凝重变得舒缓。要说我怎么对菊花好的吧，就是，我每天会给她做饭吃，每顿饭都很精心；我会经常送她小礼物她很喜欢；我很疼她，每次她大姨妈都会给她煮红糖水；冬天她的大凉脚会搭在身上，给她暖；我的工资也全部上缴...... 黄瓜说了很多，看得出黄瓜是在乎菊花的。</p><p>我说菊花对你怎么样呢？</p><p>黄瓜继续说，她对我也很好，除了讨厌我说的那一堆外，经常会给我买生活用品，皮带呀，搓衣板啊，鞋子呀，衣服呀，包括小内内呀，嘻嘻。回我家的时候还给我爸妈买礼品啊，挺会办事的。看的出，菊花对黄瓜也是挺不错，人也还好。能这么忍受黄瓜的缺点，看来是也享受着他的好。</p><p>看到这，大家应该懂得，感情其实就是这样，每个人都会有缺点，也会有优点。你享受着别人的优点的同时也要忍受别人的缺点。</p><p>这就是爱情了，不要幻想，更不要期待十全十美的爱。 不存在。 对于很多人为何要挽回，亲身经历告诉我，遇到一个愿意谈的人并不容易。</p><p>愿意谈的人意味着你愿意花你的时间，精力，金钱，身体，同时会付诸的你感情在一个人身上。</p><p>而所谓的交过多少女友根本不存在，那些短期的约炮最多解决你的生理需求，而根本谈不上你愿意谈恋爱的人。</p><p>人很多，但遇到对的人却很少。</p><p>所以这就是造成了很多的人每次分手过后找的最多的一般就是前任了。</p><p>而这么多人，即使你交往过六七个甚至更多，但相对来说短暂的更多，甚至有的仅仅见过几面而已，从何而来的恋人。</p><p>有人说，你离不开它是因为你付出太多了，这话不错。但并不是你见一个人就会愿意为它而付出。</p><p>付出也仅仅是因为你愿意跟他长久相处，所以付出的前提是愿意，深爱的本质是付出。</p><p>有的人因为日久生情，一开始不是很爱，但随着时间的推移，不断地付出感情。</p><p>这也就意味着，精神上形成了依赖。</p><p>一旦形成精神依赖，即使碰到外貌优秀的最多动于心，但不会动于情。</p><p>心动，是指有所摇晃，毕竟谁都有花痴的那一面，而长期相处与你目前相处的对象来说就差距较大了。</p><p>毕竟你们的模式别人做不来。 短期关系，能让一个人暂时获得快感，但精神的长久依赖却不存在。</p><p>所以那些经常换女友甚至男友的人，根本精神就是空虚匮乏，无非像吸毒一样获得短暂的欢愉，一旦停止，精神生活几近崩溃。 挽回并不是什么见不得人的事情，挽回是因为爱。</p><p>不论怎样，虽然我们不完美，但请以最好的自己重新再去面对。</p><p><br></p><p style=""color:#999;font-size:13px;font-style:italic;"">更新时间：2021-01-29</p>",38,https://www.weiwei567.com/addons/mm_las/images/ktfl/ktmr.png
2036,成为VIP会员，可全面解锁所有课程哦！,"<p>
            你和Ta在分手之后，如果你不想结束你们之间的感情，还渴望Ta依旧可以跟你一起生活，渴望Ta在你的身边徘徊，这样的想法就形成了你对Ta的需求感。</p><p>当你在挽回爱情过程中不断向对方暴露出你的需求感时，对方就会对你更加反感。例如分手后你很想再次见到对方，然后天天发短信告诉Ta你很想念Ta，或者找Ta的朋友亲戚间接邀约Ta，又或者经常在QQ、微信发布“没有你的日子过得很不开心”之类的信息，你这样做会让Ta很想重新和你在一起吗？你尝试站在对方的角度来思考下，Ta都不想和你在一起了，而你还不断纠缠对方，Ta只会对你更加反感。</p><p>需求感的重要性不止在挽回爱情里需要降低，在挽回爱情之后，或者在恋爱中的你，都应该要控制好自身的需求感。在长期相处过程中如果你经常时时刻刻都需要联络对方，或者要求对方在你身边，那么也会表现出过高的需求感。</p><p>你的需求感过高不但让对方失去了自由的空间，还容易让你对这段感情产生怀疑心理，如果对方刚好由于工作需要出差了或和朋友同学之间聚会，那么可能会因为你对Ta的强烈需求导致怀疑Ta出轨。</p><p>所以你过高的需求感往往会造成了对Ta的困扰、厌烦，甚至可能让对方无法再接受这样的压力，导致你和Ta之间感情破裂，接下来就是你可能要被分手了。“一个人需求感过强的时候，就容易胡思乱想、死缠烂打。”</p><p>幸运的是，需求感是一个可以控制的因素，你可以先把自己的注意力转移到其Ta地方，例如读一本书，然后每天写下你读书的读后感，或者去参加旅游，参加派对聚会，扩大自己的朋友圈，反正只要能让你自己开心、心情愉快的事都可以降低你需求感。</p><p>同时你要改变自身的心态，既然分手了暂时先不要操之过急进行挽回，假若对方在分手后没有把你电话、联系方式拉黑这些偏激行为，那你更应该用普通朋友这种关系保持距离，这样可以减少双方之间的压力。接着你需要开始从内而外的改变自己，提升自己的气质、魅力、吸引力，培养出积极阳光的生活态度，使自身价值达到提升。</p><p>当你不断变得更优秀的时候，Ta会间接对你关注，会对你产生兴趣，慢慢Ta会对你有焕然一新的感觉，从而发现你原来是这么好，Ta就会怀疑当初分手的这个决定，而这样一个过程可以促使你更顺利挽回爱情。</p><p>所以在挽回爱情时降低你的需求感，不仅仅是有助于你挽回爱情，降低需求感还可以让你更加投入到提升自身价值的过程里面。</p><p><br></p><p style=""color:#999;font-size:13px;font-style:italic;"">更新时间：2021-01-29</p>",38,https://www.weiwei567.com/addons/mm_las/images/ktfl/ktmr.png
2035,成为VIP会员，可全面解锁所有课程哦！,"<p>
            有人总喜欢抱怨命运不公，是因为生活中总有一些让他们称之为“好命”的人。自己百般努力，被难题惹的焦头烂额却一无进展，但那些人却总能轻而易举地解开。所谓情场得意，职场失意，自己在绞尽脑汁的用心，好不容易才使两边勉强平衡。但是那些人却能不费力气，就能事业感情双丰收，感情甜甜蜜蜜，工作顺顺利利。</p><p>他们不知道得多努力，才能做到别人眼中的不费力气。他们不喜欢细究过程，但却总喜欢对比结果。然后一旦各自一番努力结果出来后不如人时，就喜欢抱怨天道，眼红人家运气好。然后就羡慕嫉妒又沮丧，掉在自卑的漩涡里，以此合理化当下的结果。</p><p>但是他们从没想过，真的是自己技不如人，时不待己吗？在接触的挽回求助中，有一大部分人在挽回的时候，就对自己挽回的成功的信念减半，总是会反复的问别人，自己真的可以挽回自己的爱情吗？</p><p>孰不知挽回爱情，其实是自我折磨的过程，是要为以前的过错买单的过程。当你立场坚定，挽回的概率可以说成功一大半了。挽回的决心只是前提，而挽回的机会只有一次，需要你一步步做正确的事情。</p><p>就像工作上突然被委以重任一样，有人会本能退缩，一直不安的念念叨叨，把时间浪费在类似这种“居然丢给我这么难的工作。。。那么多人偏偏要找我。。。。”的抱怨上。而有些人会戒掉抱怨，及时认清时态，立即着手拟定对策，思考如何实行，给自己加油打气，思考该怎样分步来完成这个任务。</p><p>两者对比，你觉得哪种做法的成功机率更高呢。哪怕他们的工作个人综合能力是一样的。但是想法上的差异，就会使每个人发挥出的能力产生区别。</p><p>而对于复合，也是一样的道理。如果你只着眼于困难。一直在念叨着“可是对方很固执，是那种下了决定就不会改变的人”，或是“周边的朋友都叫我放弃，我想可能真的不可能了吧。。。”，又或是“我从来就没这样过，一定要这样做吗？”还是积极去争取和思考“该怎么做才能复合呢？”“还是有挺多人复合成功的，也许自己也是其中一个呢。”</p><p>面对问题选择的角度不同，也会导致截然不同的结果。所以如果你真的有心想挽回对方，那么就不要把责任推卸给其他人，而是学会担当，并相信能复合，这样你才有更大的可能复合成功。</p><p><br></p><p style=""color:#999;font-size:13px;font-style:italic;"">更新时间：2021-02-01</p>",38,https://www.weiwei567.com/addons/mm_las/images/ktfl/ktmr.png
2034,成为VIP会员，可全面解锁所有课程哦！,"<p>
            在分手后，或许你要做的，不是忙着去挽回前女友（前男友），而是应该静下心想一想，为什么对方会觉得不合适？这段感情真的是因为爱结合的，还是因为其他的什么原因呢？</p><p>答案是正向，那么才可以开始考虑如何挽回对方。否则的话，再舍不得，也不如重新开始，当做梦一场。如果你真想挽回这段爱情，可以去看看挽救爱情六个阶段，或许能让你有不一样的想法或计划。</p><p>在回头的时候，你可能会发现前女友（前男友）特别坚决要分手，不管你是不是苦苦哀求还是其他，对方好像都是一副已经下定决心的样子，面对这种情况，我们不应该一味的死缠烂打，这样只会让对方更厌弃这段感情。</p><p>在对方拒绝你的时候，或许我们更多的应该反省自己，“当初为什么分手？导致我们分手的因素还在么？”不要一味的回避问题，这只会让问题变得越来越恶化，积极地找出问题并且解决问题才是值得称赞的做法。</p><p>在找出问题之后，接下来的工作可能就简单多了，比如说因为自己爱抽烟所以分手，可以戒烟一段时间，然后找到医生开证明，再去找前女友。绝对比干巴巴的说“我已经为了你不抽烟了”要更有震撼力。而相信对方在感受到诚意之后，会给复合带来更小的阻力。</p><p>在这一件事上我们可以参考的例子就是文章，连出轨都能被自己老婆原谅，其实大部分恋人还是比较心软的，只要能牢记这一点，多采用柔情攻势，相信还是很容易挽救回自己的爱情的。</p><p>当然了，也有特别心狠的对象，即使自己已经为对方牺牲了很多，但是对方依然坚定着自己的决心，执意不回头。在这种时候该如何挽救爱情？或许应该适当的求助朋友了。两个人在一起，圈子当中总有一些双方的共同好友，请他们吃顿饭，相信帮你在对方面前美言几句还是可以做到的。当然了不能进行硬性的说教，最好的办法还是在不知不觉当中唤起对方的怀念心理。</p><p>比如说在朋友跟前女友一起吃海鲜的时候，忽然朋友感慨一句，“上次见你的时候那个XX还帮你剥虾呢，我们家那口子不让我剥给他吃就不错了，唉，多好的男人，太可惜了。”经常在这样的话语作用下，相信前女友（前男友）会很自然的产生这样的心理“XX那么好我当初怎么没珍惜呢，现在看那些分手的理由也没什么大不了的。”而在这个时候，如果我们能够再表现出悔改的诚意，那么挽回对方的可能性高达99%。当然话语也不能说的太过，主要还是要把握火候，不然对方也很容易产生逆反心理。
 </p><p><br></p><p style=""color:#999;font-size:13px;font-style:italic;"">更新时间：2021-01-30</p>",38,https://www.weiwei567.com/addons/mm_las/images/ktfl/ktmr.png
2033,成为VIP会员，可全面解锁所有课程哦！,"<p>
            我们都想谈一场永不分手的恋爱，可是，我们却生在了这个上了床，却什么都不是的年代，我们是幸运的，我们也是悲哀的。幸运的是，只要我们掌握了爱的能力，我们即可以很快地找到下一任伴侣，悲哀的是，下一任伴侣，我们很可能还是会分手。诚然，绝大多数的亲密关系，都将迎来一个残酷的现实——分手。</p><p>面对分手后，我们应该怎么办呢？是郁郁寡欢，从此一蹶不振，任由自己这样下去；还是收拾好自己，分析自己的个中不足，迎接下一个他；又或者，想尽一切尽可能的办法，去挽回过去的他？</p><p>是挽回？还是放手？成为了我们要面对的另一个现实。</p><p>选择挽回，我无法告诉你这条道路有多么简单，或者多么艰难，因为这完全取决你当前的心态，如果你心态积极阳光，抱着“最好能够挽回，如果实在没办法了，也没关系，我努力过好自己的生活就是”，那么，这段挽回，你将过的轻松愉快，你也更能够挽回成功。但如果，你抱着“他是我生命的唯一，没了他，我就活不下去了”这种心态，他的一言一行，都影响着你，如果是这样，这段挽回，将进行的异常艰难。但是，也很有可能，依然能够挽回成功，关键看你怎么做。</p><p>那么，我们如何评估，我是应该挽回？还是应该放手呢？关于是继续，还是放手的问题，通过以下几种分手类型，加上建议，让你对它有一个更加清晰的认识。</p><p>一：主动分手型</p><p>通常来说，这一类型的朋友，是这段关系的掌控者，对于这段关系的投资，也少于对方，可能由于对他没什么感觉了，或者腻了，所以提出了分手，也可能是由于对方身上的某些缺点，多次交流之后，实在改变不了，所以提出了分手。</p><p>短时间内，这类朋友不会去做挽回。过了一段时间，自己还是没有找到很合适的另一半，会想起来过去他的好，如果再次遇见，看见他变成了更好的人，会去做挽回。</p><p>建议：如果再次遇见，你发现，他变成了更好的人，同时，对方也还是单身，那么，你去接触一下，看看对方是否真的变成了更优秀的人，如果接触后，发现还是像过去那样，那就不要去挽回了，免的耽误彼此的时间。但如果，发现对方确实变的更好了，那去了解一下也行，如果他对你还有些许感情，能够走到一起，那最好了。但如果，对方已经有了对象，那不管你在多么难以放下这段感情，都放手吧，并从内心，祝福他吧，毕竟，曾经是你没有珍惜他，不要在去破坏别人的幸福。</p><p>二：被动分手型</p><p>来找我们做挽回的，70%的都是这类。这类朋友，在关系中处于弱势的一方，通常情况下，这类朋友在关系中的付出，远远超过另一方，投资非常巨大。因为自身存在某些缺点，对方多次和自己沟通交流之后，还是没有任何的改变，所以导致对方提出了分手；或者对方喜欢上了另一个人，和自己提出了分手；总之，是因为自身存在的某些问题，导致了这段关系的破灭，而这一类型的挽回目的，又分为以下几类：</p><p>1、报复型。我不止一次接到过这样的案例，因为自己在这段关系中投资了很多，到头来，却被对方甩了，非常愤怒，想尽一切办法，要去挽回成功后，报复对方。</p><p>建议：如果挽回这段感情的目的，是为了报复对方，不管你此时此刻，多么想要挽回这段感情，那我都建议你，放下吧。以后，你重新来看待这个事情，会觉得自己非常幼稚可笑。</p><p>2、不甘心型。这类同学，在亲密关系中，通常处于优势的一方，身边常常会有很多异性追求，所以优越感很强。也就导致了，被追求者们蒙蔽了双眼，看不到自身存在的问题，更别说改变了，直到被分手后，才幡然醒悟，但是，他们那可怜的自尊心怎么可能忍受这样的侮辱，想着：不行，我一定挽回他，等成功了之后，我在重新甩了他。</p><p>建议：好好反思自己，你到底是想挽回他之后，甩了他，还是放不下他过去对你的好，还是两者都有。如果是前者，那就放下吧，不要在去浪费自己的时间了。如果是后者，那你需要，好好反思自身所存在的问题了，然后，在去做这个挽回，但如果，是第三者，那你自己慢慢思考吧！</p><p>3、真爱型。因为过去另一半对我的宠爱，导致自己没看到身上的问题，直到他离开了才发现自己以前诸多不是，然而，他已经成为了我生活的一部分，我很爱他，也很依赖他，没了他，很难在有另一个人能够给予我幸福。</p><p>建议：去挽回吧，但是，先好好反思下自己的不足，然后想办法去找到他吧。如果经济能力允许，可以寻找像我们这样的专业的咨询师，因为如果老师一步一步指导你去挽回的话，效果会更好，不然，自己又做错了，还耽搁了时间，那就非常不好了。</p><p>三：误会分手型</p><p>因为第三者的原因，或者是双方都在气头上的气话，又或者另一些事情，导致两人产生了误会，于是很冲动的提出了分手，但其实，双方都还对对方有感情，只是气头上说了这样的话。而分开后，自己却又非常后悔。</p><p>建议：去找到对方，把这个误会解开吧。但如果，对方是那种很倔强的人，你一个人很难操作，可以寻求专业人士的帮助，不然，一段感情，就这样白白葬送了，很可惜。</p><p>四：现实原因分手型</p><p>通常情况的分手原因为：1异地恋；2父母反对；3经济问题。</p><p>建议：你要分析具体的原因是因为什么，如果，你能够处理好这个问题，那么，就去挽回吧，如果，你没办法处理好，那就放下吧。如果，你不知道该怎么做，就找我吧，哈哈。</p><p>俗话说的好，一个巴掌拍不响，不管是那一种原因导致的分手，我们都应该检视自身存在问题，有则改之无则加勉，不为对方，只为成为更好的人。希望通过这些建议，给予大家一个更为正确的挽回方向，当然，具体的情况，得具体分析，挽不挽回，决定权，全部掌握在你的手里。</p><p><br></p><p style=""color:#999;font-size:13px;font-style:italic;"">更新时间：2021-01-30</p>",38,https://www.weiwei567.com/addons/mm_las/images/ktfl/ktmr.png
2032,成为VIP会员，可全面解锁所有课程哦！,"<p>
            很多要挽回爱情的人，已经在进行二次吸引跟前任成功联系上了，前面的步骤都做得非常好，接下来既然联系上了就要把对方当作朋友那样约出来，只要见上面的话可以有效地增加挽回机率，但偏偏就卡在了这一步，那要怎样才能跟那个他（她）见面呢？怎样邀约才有助于挽回爱情呢？</p><p>首先你要调整好自身的心态，你是不是一想到对方就会想起你的委屈和不甘，如果是见面的话更加怕控制不了自己的情绪呢？先停下来深呼吸一口气，暂时先忘记这个人的过去，把对方当作是你的一个普通朋友，你要记住你现在是要挽回对方，而不是想要吓跑对方哦，所以一定要控制好自己的情绪，收起你的需求感，像朋友一样跟对方约会，能让对方轻松自然是最好的。</p><p>之前的几步已经让你跟对方联系上，已经开始聊天了，什么时候才适合进行邀约呢，可不是立马就可以进行邀约的，如果你突然就提出想要见面的邀请，对方还没放下对你的成见和戒备，必然会觉得很紧张，怕你是不是又想去逼对方做什么事之类的产生被害心理，所以你应该找到更好的机会，比如当你们在聊天时，对方好几次对你的话题表现出了兴趣，你就可以顺着这个话题进行邀约，但这时不要表现出需求感。</p><p>这时你可以提出一个模糊的邀约，就是邀请对方出来吃吃东西、聊聊天什么的，但不要把时间、地点等说得太明确，对方再次之前感觉不错的话一般会答应约会的，但如果对方还是有警戒，表示拒绝也不要强行邀约，只要表示可惜说“没关系，下次再约吧，本来想跟你说一下之前遇到的有趣的事”，让对方感觉好像错过了有趣的事，下次再约的话就会更容易答应了。</p><p>当对方答应之后，你就要开始做约会铺垫了，以免到时有突发情况，一点小事也可能影响你整个约会的成功率，要尽量增加胜算减少紧张，首先最重要的是选择一个好的约会地点，可以在邀约前到对方住处附近观察一下环境， 选择一家氛围和环境都比较不错的咖啡店，安静的店，光线可以暗一点，有美味的食物也可以促进你们关系的发展。</p><p>也许你会很担心分手后的第一次见面会有什么错漏，害自己一想到对方就很紧张，其实只要做好邀约的前期铺垫再按部就班完成就可以达到你想要的效果了，这时挽回的几率已经非常高了，接下来相信你一定会成功的。</p><p><br></p><p style=""color:#999;font-size:13px;font-style:italic;"">更新时间：2021-01-31</p>",38,https://www.weiwei567.com/addons/mm_las/images/ktfl/ktmr.png
2031,成为VIP会员，可全面解锁所有课程哦！,"<p>
            “断联”在挽回中的很多时候的确是一个非常重要的方法，但是也并不是一个必不可少的步骤。</p><p>也许是在近段时间出现断联这个词汇的次数太多，让大家主观的放大了断联的必要性，那么在挽回中我们一定就必须要断联吗？我们断联的目的是什么？它能给我们的挽回带来什么样的效果？ </p><p>断联的两大效果： 
A 降低（消除）负面印象 
B 提高对方新鲜度的必备条件 </p><p>A 【降低（消除）负面印象】 
通常需要这个环节的伙伴一般分为这几类情况： </p><p>1：低位：没有自己的生活圈，自己的生活就是围绕着前任。了解不到对方行踪的时候就是各种夺命勾魂扣，对方要和朋友有聚会的时候就非得自己跟着一起去，没有自己独立的兴趣爱好朋友圈，同样也要求对方像自己对待他那样来对待自己。</p><p>可是殊不知对方是一个注重个人空间，又或者你的吸引并没有那么高的时候却日渐的显现了自己的缺点从而让对方的更加的不想要和你产生更多的互动来逃避你，日渐就达到了分手的地步，突然他要从你的世界消失，你要继续一个人的生活，这种情况下很多小伙伴都会开始纠缠，各种死缠烂打，割脉。</p><p>然并卵，或者这些行为会让他有所感动但是很显然可怜的情愫要多一些。这个时候我们想要挽回对方采用断联就是非常有必要的。</p><p>很多伙伴可能会说没关系我依然联系他 只要我不去跪舔不复合就好了，但是你在于对方在心目中已经定位成一个粘人不适合他的形象存在了，继续保持着联系唯一的作用只是让你自己觉得还没有失去他仅此而已，所以这种情况下采用断联是必然的。 </p><p>2：高位：你利用自己的高价值吸引到对方，让对方彻底的臣服于你。</p><p>高价值的人身边不乏有追求者的存在，所以如果对方没有特别能吸引你地方的时候他对你并没有那么的重要，但是感情是一个奇妙的东西，当你享受着对方的宠爱对方的迁就的时候，其实你已经对他产生了感情。</p><p>然而感情的收支是平衡的任何人的付出都是需要回报的，当你对于他的冷漠和不够关心足以抵消你的价值吸引的时候，那么不好意思他只会给你说再见。</p><p>这类人群的分手一般都是比较决绝的，就算你最后跪舔对方他很可能也会表现出和恋爱中决然不同的一种态度。</p><p>这种情况下一般都是需要断联的，但是大家要注意的是，有些人群即便是选择了分手心中依旧有依恋合适的选择了互动的方式也是容易复合的。 </p><p>3：有新欢：撕逼后分手对方迅速走入新恋情（新人在为分手时就有暧昧情况）此时你要做的就是断联，你们的分手无疑大部分因素就是因为新欢的存在，在对方初期和新人接触阶段就算你以死相逼想必得到的也只是对方的一丝怜悯甚至是反感。 </p><p>4：恋爱无感分手：这种情况的恋爱时间一般都不够久或者是太久了没有了当初的激情，此种情况不适用与断联，因为对方基本处于没有防备的阶段，你要做的只是以朋友的方式相处中途提高个人价值来展示营造舒适感便可。 </p><p>时间是一剂良药，随着在断联时间中对方更多的生活体验会排挤掉自己在对方脑海中的负面印象，即便以前有撕逼作死的经历，只要有足够时间也会淡化这种情况，但是时间同样也会让感情基础逐渐的减少，所以断联并非万能，大家谨慎选择。 </p><p>B【营造新鲜度的必要条件】 </p><p>不知道大家理解的挽回是什么，挽回很多时候其实不是依托感情基础来低位的让对方回来，因为到分手这个地步的时候有一半以上的被分手伴侣是不能单纯的依靠感情基础来挽回对方的，而是从新认识的一个过程。</p><p>“一见钟情”这个词并非空穴来风，大家可以脑补下类似这样的场景是不是会有很特别的感觉，如果操作得当断联以后就能让你和前任产生这种感觉的可能。</p><p>在你们恋爱中你们已经熟知对方的所有，甚至是用什么样的洗发露，有什么样的缺点，甚至是当你问对方问题，大致都能猜测出对方的回答是什么样的。</p><p>人都有追求新鲜事物的天性，在恋爱中也是需要新鲜感的，对于挽回而言断联就能给我们的新鲜感创造出条件，随着时间的延长对方的防备降低此时一次偶然的碰面让对方见到一个新的你，这样就又勾起了对方对于你的新鲜度。 </p><p>断联换言之就是不要联系对方，这通常是在万不得已的情况下的一个无奈之举，大家也不要太过盲目放大断联的效果。 </p><p><br></p><p style=""color:#999;font-size:13px;font-style:italic;"">更新时间：2021-02-01</p>",38,https://www.weiwei567.com/addons/mm_las/images/ktfl/ktmr.png
2030,成为VIP会员，可全面解锁所有课程哦！,"<p>
            对方跟你分手，是因为TA有一个比现在更好的选择，或者说对方有一份更好的生活，所以可以舍弃你去追逐自己想要的。</p><p>但是对方却还是害怕失去你，但是对方并不一定是怕失去你这个人，而是害怕失去你对TA的好，失去你对TA的在乎，失去你这么多年的感情。</p><p>那为什么对方还是会离开你呢？没错，对方是害怕失去你，但是对方更害怕的是你的烦或者是不可理喻，所以对方才会头也不回地离开，因为这种生活不是TA想要的。</p><p>这个时候，就好比对方付出一个快要烂掉的桃子的代价去换一个完好的苹果。你们之间的矛盾也不是一天两天就养成的，对方在之前不离开你，也只是因为害怕失去你，而且并不能获得更好的生活。</p><p>所以，在分手之后，建议先冷冻对方一段时间，可能是三天，一周或者是半个月，这个要视乎具体情况而定。</p><p>冷冻的意义在于，你在这个点上消失在对方的世界里面，对方就会觉得自己已经失去了你，对方或多或少就会出现了一些“害怕失去”的心理。</p><p>往往在分手之后人都会有一个否定对方的时期，你需要的就是在制造这个否定时期之后再以一个全新的姿态出现在对方面前，这个是一个引爆点，它会将埋藏在对方心中的“害怕失去”心理都引发出来。</p><p>那么怎样才能做到这个效果呢？</p><p>你需要做的第一件事就是重建自己的生活，只有自己的生活足够精彩，对方才会更加确定“害怕失去”的心理。</p><p>而要做到精彩的生活，你就要有自己的核心生活，也就是要有自己喜欢做的事情，这个事情与对方无关。你可能会说，对方就是我生活的全部，我没有喜欢的东西。</p><p>这说明什么？这只能说明你的托付心态太重，你把自己的生活需求都在对方的生活中汲取，那么对于对方来说，你就只是一个包袱，当这个包袱越来越重的时候，对方会不离开你吗？</p><p>所以，你需要去找到自己生活的乐趣，无论是交友，还是旅游，甚至是学一些自己感兴趣的东西，你会慢慢发现，原来自己还喜欢运动，还喜欢下厨，还喜欢认识朋友。</p><p>你慢慢地让自己的生活变得更好，这时候你才是真正为自己而活，你自身独特的吸引力才会被发掘出来。</p><p>试想一下，一个更为优秀的你出现在对方的面前，TA会不害怕失去一个如此优秀的你吗？到了这个时候，你的挽回就事半功倍了！</p><p><br></p><p style=""color:#999;font-size:13px;font-style:italic;"">更新时间：2021-01-31</p>",38,https://www.weiwei567.com/addons/mm_las/images/ktfl/ktmr.png
2029,成为VIP会员，可全面解锁所有课程哦！,"<p>
            你是否曾有过这样的感触，当你听到某一首熟悉的歌时，会产生一种特定的情绪，甚至会回想起以前听这首歌时的情景以及感觉。</p><p>同时人也容易触景伤情，因为面对以前给自己印象深刻的东西时，当再次遇见但是发现以前的感觉不再时，会造成一种缺失感，悲伤失落的情绪随之涌上心头。这种情绪和反应，就是被称之为“心锚”的东西。</p><p>现有的对心锚的定义是这样的：人之内心某一心情与行为某一动作或表情之链接，而产生的条件反射。</p><p>简单的理解就是，比如一个人小时候在学习游泳时被水呛过，当时他对这种感觉是很不好的，内心产生了极大的恐惧感。那么他也许这辈子都会怕水了，因为他只要一去到游泳池，就会想起小时候被水呛过的经历。</p><p>所以，只要心锚一旦被建立，那么这个人对这一事物或当时的自己的行为已经形成固定的看法和感觉，就不会被轻易改变。</p><p>在爱情生活当中，也有无数的心锚在人的内心不知不觉的被建立。这些心锚，有好的，也有不好的。</p><p>好的心锚，自然就是让人产生好的情绪，会愿意多想起这样的心锚。不好的心锚，自然会被人封存于内心当中，一辈子也不想被记起来。所以，在挽回爱情当中，你可以通过为对方建立有效的好的心锚来帮助你挽回心爱的ta。</p><p>深刻印象的创造有助于提高挽回的成功率，这里的深刻印象的创造，指的就是有效的建立心锚。</p><p>那么如何做到有效的帮助对方建立心锚呢？</p><p>首先，在帮助对方建立心锚时，你要确保对方的身心当时是否处在特别状态。比如说是很开心的时候，或者是很悲伤的时候。</p><p>当对方的特别状态呈现最强烈的时候，施以诱因是最有效的。就好比上文提到的例子，学游泳时被水呛到，当时人的状态处于极度恐惧当中，那么怕水这个心锚就很有效的被建立了。</p><p>同时，建立心锚的诱因必须是独特的，能够很快使被建立者收取到诱因的信号。</p><p>比方说，如果你想让对方以后吃雪糕时都能想起你们曾经在一起吃过雪糕，雪糕作为诱因，就必须要与其它的雪糕不同。不然，人的一生会吃过多少根雪糕，总不可能会每一次都记得是跟谁一起吃的吧。</p><p>了解了建立心锚这个思路之后，你是否对你们的复合又多了一点信心和规划了呢？</p><p>那么就放心大胆的去做吧，任何有助于提高挽回的成功率的事情，你都可以尝试。但是，你要知道必须要建立好的有效的心锚，才能对你的挽回有帮助。</p><p><br></p><p style=""color:#999;font-size:13px;font-style:italic;"">更新时间：2021-02-01</p>",38,https://www.weiwei567.com/addons/mm_las/images/ktfl/ktmr.png
2028,成为VIP会员，可全面解锁所有课程哦！,"<p>
            遇到合适的人不容易，维持一段感情更要费心费力。尤其是异地恋情，这是被多数人都不看好的感情模式，两人没办法时刻互相陪伴，少了很多共同的经历。</p><p>而实际上异地恋并不可怕，异地恋分手之后找不到挽回方式最可怕。人们习惯性地把分手原因简单归结为“异地”，却不正视彼此相处中问题和矛盾。想要挽回异地恋，最主要的是找出症结所在，然后对症下药。</p><p>一．找出异地恋分手症结所在</p><p>异地恋分手，距离可能是原因之一，但绝对不是最主要的理由。找出原因，才能一步步挽回异地恋爱情。</p><p>1.沟通不畅</p><p>两人在一起没有共同的话题，那么两人的感情肯定是无法继续发展下去的了。而这时异地恋里很多人会遭遇的境地，两个人不能同时学习和交流，久而久之就会有精神上的隔阂。长此以往，你们之间就会有一些没有说清楚的事情。慢慢的，这就成为你们感情生活中的遗留问题，成为你们分手的导火索。</p><p>2.安全感缺失</p><p>对于女人来说，没有安全感的感情是不值得依赖的。两人身处异地，男人很难随时随地满足女人的安全感，为分手埋下种子。而其实男人也是需要安全感的，女人的支持信任、以及精神上的呵护都会满足男人的自尊心，让他们对感情充满责任感。而如果异地恋里矛盾和猜忌才是主旋律，那么双方都无法得到满足。</p><p>3.恋爱体验差</p><p>男人应当要引导女人恋爱，而女人就给男人最大的精神支撑。这样才是完美和谐的两性相处模式。而分隔两地的恋人们，很难体会到这样的恋爱感受，男人无法时刻得到女人的支持，展示自己的雄性魅力，久而久之就会不自觉地减少对感情的投入。</p><p>女人也没办法享受到被男人引导的感觉，恋爱幸福感会大大降低。对于异地恋来说，更多时候是一个人生活，所以对于这段感情的期待值就渐渐消退了。</p><p>二．挽回异地恋之努力提升自己</p><p>分手的最深层原因是什么呢？就是互相吸引力不足的问题，当你无法跟上对方的脚步、不留意自身建设时，对方就会渐渐对你丧失兴趣。这就是分手的导火索。挽回异地恋爱情，自我提升相当重要。</p><p>1.内在提升</p><p>“附加价值，指的就是不能永远觉得自己原本的优势会持续吸引同一个人，在长期关系中，拥有更多的附加价值才会更难被厌倦抛弃。”附加价值是维持长期关系的重要因素，而这些价值都来自于长久的学习和知识的积累。</p><p>外在的吸引力可以让两个人互相倾心，那么长期相处下来，你们的话题、视野、三观等就会成为衡量感情的标准。多多充实生活、丰富内涵，让自己充满光辉，这样就算异地，你们也可以从彼此身上看到对未来的希望。</p><p>2.外在提升</p><p>情感导师说过，“吸引力决定了感情的开始，所有的喜欢都是从被吸引开始的，不管是第一次喜欢还是挽回中。”而最直观的吸引力，就在外貌上。</p><p>女性要学会发掘自己最美的一面，选择适合自己的颜色和装扮，也要注重饮食和运动，让自己看起来健康干净，给人积极的印象。这样在异地之后的见面时，你才能给对方不一样的感受。</p><p>3.定位自己</p><p>男女社会分工不同，所以在感情中的位置也不一样。男性应该学会引导感情，而女人就要在精神上做男人的支撑者。”为什么人们惧怕强势的女人？为什么人们瞧不起软弱的男人？道理就在这里。女人温柔似水，帮男人平复生活的巨大压力；而男人为女人遮风挡雨，这才是正常的。</p><p>4.朋友圈建设</p><p>当你不能时刻向对方展示自己的改变时，就要学会运用朋友圈的功能，展示自己的高价值和进步，让对方再次对你产生兴趣。</p><p>三．挽回异地恋之重建信任度</p><p>异地恋中双方容易猜忌怀疑，分手时大多处于不信任对方的状态，想要挽回，就要先赢得对方的信任。</p><p>1.先与TA“断联”</p><p>你得清楚一件事情，从他向你提出分手那一刻开始，他就对你不再信任了，你不断地向他作出承诺，也只会是徒劳。你应该与他保持适当的距离，先作暂时的“断联”。</p><p>因为只有经过一段时间的不联系，到以后出现在他面前，才能发现你的改变。如果你一直保持着联系，即使你改变他也不能感觉到。也许你会担心你们的感情会变淡，但是你想像一下，如果一个人对你已经失去了信心，你还不断地对他作所谓的承诺与保证，那他一定是反感的。</p><p>2.调整自己心态</p><p>此刻的你需要调整自己的心态。你要对自己充满信心，还要下定决心作出改变。也可以尝试站在他的角度看待你们之间的问题。只有你能够正视彼此之间的矛盾，才能为解决分手找到最好的办法。</p><p>3.用行动重建信任</p><p>信任一个人并不是一朝一夕的事情，更何况是重新让一个人相信自己，这需要付出更多的努力。在重建信任的过程中，不是靠言语来完成，而靠的是行动！</p><p>所以从现在开始，你就要去改变自己，你们距离远，那你就尝试着去对方的城市生活工作；如果他觉得你没有责任心，你就做一些能让自己负起责任的事情；要是他认为你不够贤惠，你可以变得居家一点。只要你改变了，他就能感觉得到。</p><p>四．建立共同预期</p><p>两人异地，最怕的是看不到未来。所以为你们的异地恋建立一个共同目标吧，要主动为两人的关系建立共同预期，让对方觉得跟你在一起能够有光明的未来，这样对方才会更愿意经受异地的折磨、更愿意跟你在一起。</p><p>建立共同预期，要注意可行性与共通性。一个切合实际的目标比内心的狂妄臆想有用得多，一个符合对方要求的未来更能紧紧拴住对方的心。</p><p>相比于一般恋情而言，异地恋的挽回需要更多时间和精力，当你让自己变得更优秀，并真正明白如何与对方相处时，爱情自然就会归来。 </p><p><br></p><p style=""color:#999;font-size:13px;font-style:italic;"">更新时间：2021-01-29</p>",38,https://www.weiwei567.com/addons/mm_las/images/ktfl/ktmr.png
