1979,成为VIP会员，可全面解锁所有课程哦！,"<p></p><p>其实只要姑娘愿意跟你出来，身体接触从见面就可以开始。</p><p><strong>身体接触的时机，需要你敏锐地察觉到，并根据姑娘的属性自然地去完成。</strong>比如很多人说的过马路搭着人家的手，这种行为很容易被思想较为独立强势的女人严词拒绝。</p><p><strong>但是也有一些万能的：比如下楼梯，可以轻轻扶着姑娘的手臂，快下完了立即放开。并排走路时有意无意地用肩膀轻轻碰一下对方的肩膀。</strong></p><p>这两个都是万能的，并且是测试好感度非常好的方式：如果她不爽你，下楼梯不会让你碰，并排走路你多碰几次，她保证下意识地拉开和你的距离，并且把包放在你俩之间。</p><p>更高级的就需要你随机应变了，比如两人刚见面，而你发现姑娘戴的手环很漂亮，你大可以直接说啊你手环真好看，跟你真配，我能看看么，人家把手伸过来，你抓过来看两眼放回去。你看，就这样，一见面就能身体接触。</p><p>关键还是要对约会重视起来！平时多动脑，战时少懵逼。</p><p><br></p><p style=""color:#999;font-size:13px;font-style:italic;"">更新时间：2021-01-30</p>",32,https://www.weiwei567.com/addons/mm_las/images/ktfl/ktlb/ktd.png
1978,成为VIP会员，可全面解锁所有课程哦！,"<p></p><p>简言之，就是：惊喜，虚荣，能够晒朋友圈的。</p><p>
是不是还是不明白?那简单的介绍几个基本不会错的生日礼物。</p><p><strong>一、花</strong></p><p>我想很多人会觉得奇怪，这和其他人说的不一样啊!我上次送花就被女生拒绝了！</p><p>那是因为你们送的方式错了!</p><p>在你没有车的情况下，不要在大街上送花，你难道想让一个女生抱着一捧花走在街上接受所有人的注目礼?</p><p>是个女人就觉得很丢人的，好不好!</p><p>正确的送花方式是：去花店里面定一束花，需要有精致的礼盒，写好小卡片，由花店的人送到她的公司。记住，千万不能自己送，千万不要送到家。然后，你就等着女生的朋友圈吧。</p><p><strong>二、香水</strong></p><p>相信我，百分九十五以上的女人爱香水，就算是不经常喷，也会想要收藏，这事关一个女人的虚荣。</p><p>那么你要如何选择一款适合女生的香水并且让她每次用这款香水都会想到你呢?</p><p>Burberry白格(又名英伦迷情)、Burberry周末、Gucci嫉妒我，这三款香水较为日常，香味偏甜性，大众款。</p><p>圣罗兰鸦片、圣罗兰黑鸦片这两款住香调为东方香调，香味很奇特，适合性格特征突出的女生。</p><p>安娜苏女神系列，瓶身好看、香调清新，适合小清新一类的女生。</p><p>上图所示Gucci罪爱原罪是纪念版，这款香水算是一个比较重的礼物了，但是很少有女生能拒绝。</p><p>送香水的时候，请一定要记得，只需要买30ml或者50ml，百度好这款香水的香调，背后的故事，然后简单的告诉她，说，我觉得她很适合你。</p><p>以圣罗兰鸦片举例，你可以说：圣罗兰的鸦片是这个品牌最经典的一款香水，它是东方情调、清幽花香和香料神韵的超凡结晶，以其神秘与性感闻名，像鸦片一样会让人上瘾，我觉得她非常适合你。</p><p>最后一点：千万千万不要送 Chanel，因为 Chanel香水真的已经烂大街了。</p><p><strong>三、口红</strong></p><p>这个只有两个推荐：圣罗兰方管、纪梵希的小羊皮，没有其他，原因是：知名度高、价格合适。</p><p>每款口红都有很多的色号，适合不同的肤色，简单来说，送女生口红，不要送太过于奇怪的颜色，正红色、桃红色、粉红色、橘色基本不会错。</p><p><strong>四、零食</strong></p><p>这个没有太多推荐，选择女生喜欢吃的：巧克力、饼干、三只松鼠、薯片等等。</p><p>操作提示：买满一箱子、快递到她公司。不要问为什么。</p><p><strong>五、DIY小礼物</strong></p><p>一个漂亮的玻璃罐子，里面放上棉花糖或者其他彩色糖果。DIY造价不超过30块哦~</p><p>最好的礼物是香水和口红，因为具有持久的影响力，女人在每一次用的时候都会想到你，并且口红一般都会随身携带的。</p><p>而像花，除了一时的虚荣心爆棚，花会凋谢，到最后只能扔进垃圾篓，同理零食吃完之后也就没有了，一个姑娘是不会一直记得谁谁谁给她买了一箱子零食。</p><p><br></p><p style=""color:#999;font-size:13px;font-style:italic;"">更新时间：2021-01-29</p>",32,https://www.weiwei567.com/addons/mm_las/images/ktfl/ktlb/kte.png
1977,成为VIP会员，可全面解锁所有课程哦！,"<p></p><p>给大家介绍一个300块就能搞定的约会方案。</p><p><strong>第一步，了解她。</strong></p><p>萝莉小女生还是成熟御姐？吃饭有什么忌口？喜欢什么环境？经常去哪里？哪里没去过？对什么恐惧？你需要对这些有基本的了解。</p><p>这样你就不用在约会的时候不断的问女生吃什么干什么之类的问题了，会增加你邀约的自信，也会让女生有一个好的体验。</p><p>一般女生的微信朋友圈都会发一些去过那里，吃过什么，喜欢什么的信息，细心一点，不难发现。</p><p><strong>第二步，注意一下自己的穿着打扮。干净整洁就好了。</strong></p><p>一定注意检查细节。眼角、鼻子、胡子、指甲、体味之类的。</p><p><strong>第三步，安排地点。</strong></p><p>餐厅不用选这个城市特别有名的，选灯光美气氛佳的地方就好了。很多装潢很好，有异国风味的餐厅人均消费其实七八十就够了。</p><p><strong>第四步，安排转场。</strong></p><p>女生都是场景记忆的，她对你的的印象和记忆都是通过场景来区分。如果你和她在同一个地方呆了四五个小时，她对你不会有太深刻的感觉。</p><p>但是，如果吃完饭散步，散完步找一家酒吧喝点东西，送她回家的路过一家饰品店，买了一个小礼物给她，给她戴上，最后临走前一个晚安吻。对女生来说就是很丰富的记忆了，之后她回忆你们都是满满的画面。你的约会就安排的很成功了。</p><p>这里有一个小窍门：</p><p>三四个地点安排的不要太远，最好走路十来分钟就能到。时间长了，女生情绪就过去了，也就达不到我们要叠加记忆的效果。以上这一切都是你要提前准备的。</p><p>以上就是整个约会的基本流程了。我们算一下大概需要花费多少：</p><p>吃饭(人均消费80)、散步（免费）、找家酒吧喝东西（人均消费30）、买一个小礼物(发卡、头绳也就30)。80*2+30*2+30=250元。</p><p>当当当当，不到三百块哦~你还可以留50打车或者做点别的。</p><p>在女人的世界里，从来没有过“他带我吃了一家三千多的餐厅，我好爱他哦。”女人都是情绪动物，只要能调动她的情绪，给她留下回忆，就能够抓住她的心。当然拜金女除外。</p><p>所以现在教你的办法赶紧用起来吧！</p><p><br></p><p style=""color:#999;font-size:13px;font-style:italic;"">更新时间：2021-01-31</p>",32,https://www.weiwei567.com/addons/mm_las/images/ktfl/ktlb/ktf.png
1976,成为VIP会员，可全面解锁所有课程哦！,"<p></p><p><strong>1.第一次约会不要过于伪装</strong></p><p>女人对一段感情的付出一般都比男人要多。所以对于女人而言，信任是很重要的。约会不仅仅是一个让她开心的事，它还是女人对男性心理研究的案例。</p><p><strong>2.要创造新的回忆</strong></p><p>这是我能给你们最好的约会建议：为了你们的约会能有一个美好的回忆，约会的大部分时间都要把握当下。约会中很容易陷入交谈陷阱，话题越来越深入。这样的聊天约会很容易失控，变成你们情绪高涨的杀手，尤其是在你不注意规划整体聊天过程的情况下。所以在感情中，要慢慢地表现出真实的自己，就像你要慢慢地了解她一样。</p><p>此外，在约会中要尽量保持活跃。你是在和她一起创造属于你们的回忆，而不是和她分享你的回忆。所以要创造一些你们以后可以共同回忆的经历，而不是坐在酒吧的某个角落谈论自己的心理创伤。在任何一段新的感情中，交流都是非常重要的，也是击破她防线的途径。但是在打开你的心门之前，要给她一个理由让她迫切地想要了解你。</p><p><strong>3.不要做个无聊的人</strong></p><p>无聊的人是毫无魅力可言的，也就是说无聊的人不会让人有兴趣和好感，只会让人抓狂，想摆脱他，哪怕一分钟也不想再跟他呆在一块。谈话的焦点应该放在她的兴趣上，而不是你的。</p><p>可以和她分享一些你的经历，但是不要注重你自己的兴趣。她对你生活经历一些不经意的询问会让她慢慢放松下来，对你无所防备。另外第一次约会尽可能收起你想上她的想法-一开始就显露这种意图只会加剧你的无聊。</p><p><strong>4．不要再想着做自己</strong></p><p>虽说一套标准的约会准则是做自己或者装作是自己，但这只是纸上谈兵，并不是约会上策。第一次约会并不像你日常生活一样，那么平凡，所以这时你再继续扮演平时的角色就很无趣了。必须要来点火花来点燃她的欲望之火。</p><p>也就是说和某人的第一次约会并不是每天都有的，所以好好享受。爱情是一段奇妙的旅程，让你从平凡的工作中解脱出来。所以要用特别的方式来对待这件特别的事—–做些独一无二的事、不重复的事、难忘的事。即使她好像对此满不在乎，但是相信我，当你这样做时，她的爱情马达已经在高速驰骋了。</p><p><strong>5．几分钟的紧张是正常的，然后要冷静下来</strong></p><p>开始因为紧张、别扭导致的神经质是可以理解的，但是你不能一直这样。你应该有控制自己的能力，让自己冷静下来。如果你真的不能控制自己这些无意识的神经质，我的建议是，买本瑜伽书，然后以放松地心态去练习，或者多做一些深呼吸。</p><p><strong>6．迷恋是弱者的标志</strong></p><p>有能力的男人遇到任何有魅力的女人都会表现出自己的兴趣，因为他们有强烈的性欲驱动。但是因为他们有很多选择空间，所以他们不会表现地对某个女人特别痴迷。因此不要因为感兴趣就对某个女人很痴迷。</p><p><strong>7．不管发生什么，都要认定她喜欢你，而且相信这是真的</strong></p><p>我不是在和你开玩笑。这一点你一定要学会。无论如何都要养成这样的意识—女人都是喜欢我的。因为这样可以让你有自信，而你的自信会给你加分。</p><p>记住：态度+潜意识信念=事实。</p><p><br></p><p style=""color:#999;font-size:13px;font-style:italic;"">更新时间：2021-02-01</p>",32,https://www.weiwei567.com/addons/mm_las/images/ktfl/ktmr.png
1975,成为VIP会员，可全面解锁所有课程哦！,"<p></p><p>女生跟你约会，还带个闺蜜，主要有3种可能：</p><p><strong>1.对你不够信任，带个闺蜜安心。</strong></p><p>2.想让闺蜜把把关，看看你考不靠谱。</p><p>3.闺蜜有点无聊，带她一起玩。</p><p>那么，你应该怎么做呢？</p><p><strong>聊天的时候，你要占主导地位，话题可以围绕目标和闺蜜的关系展开。</strong>什么时候、怎么认识的，经常一起做什么，共同经历过那些好玩的事情。</p><p>因为是两个人，互相有补充，可以获取很多信息点，你随便找个点，就可以引申出来新话题，新话题要尽量照顾到双方，让两个人都有可以说的地方，你就当一个平衡者好了，让大家都聊得尽兴。</p><p>不要干聊，聊是在吃饭休息的时候做的事情，最好安排点其他节目，不管是游戏还是唱歌，在玩的时候增进感情，多个人反而玩儿的更开。</p><p><strong>引领活动转场的时候，你要显得有主见，有领导性。</strong>怎么活动，去哪儿玩，吃什么，你可以征求二人的意见，一旦确定了，你要担当起引领者的角色，直奔目标毫不犹豫。</p><p>要注意气氛，吃完饭，不要聊到姑娘们无所事事，跟你说“呆这里没意思，走吧”，你要主动结账，然后向她们提议“我们现在去xxx吧，那里有xxx，挺有意思的，你们一定喜欢。”</p><p><strong>不要吝惜对闺蜜的赞美，她不是你的目标，不会因为你的赞美而认为你价值低的，相反她会因为你的认同而开心，对你好感增加。</strong></p><p>闺蜜对你印象不错，也会提高你的目标对你的印象，目标自己挑选的对象，得到了身边人的认同，自己也很有面子；也会增加你的不可得性，闺蜜对你好感的上升，会让目标产生一定的嫉妒，更加需要你的认同。不管是因为害怕带了闺蜜出来，还是带个姐妹给自己把关，女人都喜欢自己未来的对象给自己长面子。</p><p>你要表现的大方点，点菜豪爽些，饭馆整体价位摆在那里了，多点两个菜或者点个好菜，多不出多少钱来。玩的时候体贴些，饮料小吃不断，让闺蜜得了实惠，你的目标长了脸有了面子，以后的路自然好走多了。</p><p>如果以后约会，闺蜜多次出现，你可以考虑把闺蜜当成吸引的目标。因为你可以做到对闺蜜的无需求感，吸引更容易达成。如果闺蜜对你有明显的兴趣，女人都有心计的，你的目标自然不敢再带闺蜜出来了，自己的男人要是被闺蜜给抢了，很没有面子的。</p><p>闺蜜多次出现，跟闺蜜打好关系当个内线，也是一件很靠谱的事情，在目标身边安置一个随时能为你说好话的人，以后约会的时候，你也可以让闺蜜为你们留出二人独处的时间来。</p><p>最后，面对闺蜜还有个方法，你也找个帮手啊，缠住对方的闺蜜，自然就ok啦。</p><p><br></p><p style=""color:#999;font-size:13px;font-style:italic;"">更新时间：2021-02-01</p>",32,https://www.weiwei567.com/addons/mm_las/images/ktfl/ktmr.png
1974,成为VIP会员，可全面解锁所有课程哦！,"<p></p><p>首先，要知道，当女生愿意和你出来约会，这本身就是一个巨大的投资，而你要做的就是安排好一场完美的约会，调动好女生的情绪，让她体会到不一样的情绪波动。比如从平静开始再到开心，刺激等不同的情绪，类似于情感过山车，在女生情绪高的时候，勇敢的推进你们的关系。</p><p>而很多兄弟出来和女生约会无外乎吃饭，看电影，逛街，让女生的情绪一直保持在很稳定的状态，这不是一个魅力男人应该做的事。相反，我们要让女生感受到我们很会生活，很有格调品味，而不是像一般其他男人一样很机械地去约会，没有创意和情调。</p><p>接下来介绍如何安排一次情感过山车的约会。</p><p><strong>约会的第一个场所：</strong></p><p>对于刚认识接触的女生，你们之间没有足够的联系感和信任感，约会的第一个场所首推一些比较安静和有创意的咖啡馆或者甜品店，有利于你们更近一步的信息交换以及加强你们对彼此的吸引。</p><p>而很多兄弟可能会选择去星巴克或者COSTA这种地方那就有点LOW了，应当选择比较有创意的咖啡馆或者甜品店，这会让女生觉得你很懂生活，比较有情调。</p><p>当你们建立了一定联系感和舒适感，约会的转场那就必不可少了。</p><p><strong>约会的第二个场所：</strong></p><p>约会的第二个场所无疑是一些可以充分挑动女生高情绪的一些地方，无论是开心的，刺激的还是有趣好玩的情绪。</p><p>例子1：里面的很多小店，楼道很窄，你就可以在上下楼梯时勇敢的拉着她的手说小心点哦，跟着我走。或者说当你看到一个很有创意的小店铺你可以顺势拉着她的手兴奋的说那家店好像很不错，我们去看看。</p><p>例子2：打电动和游乐场，一些动感的活动非常有利于你们更近一步互动，调动女生的情绪起伏，很自然可以进行肢体的接触。</p><p>不论你电动玩的好不好，在打电动、吊娃娃时你总是能够和女生完成共谋、对抗、吐槽等更近一步大吸引，毫无疑问，你们之间的气氛会变得很high，女生也会随之变得开心、兴奋，这时候勇敢的推进关系就好。你可以调侃的说你怎么这么笨呀，来让我教你等。</p><p>例子3：如果你擅长某个领域，比如说桌游、桌球、保龄球、滑冰、羽毛球、卡丁车之类，而且女生也比较感兴趣，也完全可以作为约会的第二个场所。</p><p>期间你可以通过调侃对抗的方式去巩固你的吸引，勇敢推进你们的关系。同时，你擅长这些领域，也会让女生更一步欣赏你，觉得你的人生很精彩，会更想要融入进来。</p><p><strong>约会的第三个场所：</strong></p><p>经历了前两个地点后，想必你和女生至少也牵手过了吧。</p><p>女生情绪经历了低高的切换，因此，我们的约会第三个场所需要选择相对安静的地方以于你们进行一些深层次深入的话题。</p><p>那什么样的地方才是好的选择呢?</p><p>1.清吧</p><p>清吧不失为一个很好的选择，一些高大上的露天酒吧都很不错。</p><p>因为它比起咖啡厅气氛更加暧昧。两个人可以点一杯红酒，或者鸡尾酒，结合小资浪漫的情调，和女生进行一些更深入的话题。</p><p>比如说你们小时候的回忆，你们的价值观，这样也会让你们的心灵沟通更近一步，联系感和信任感也更强。</p><p>2.私人影院</p><p>私人影院作为约会的第三个场所实为佳品。</p><p>它是最近兴起的一个娱乐场所，有一定的私密性，综合娱乐非常齐全，包括有Ktv，桌游，看电影等，非常适合在两个人情绪高的时候再进行一些更深入话题的聊天。</p><p>3.滨江大道</p><p>晚上的外滩总是显得那么迷人。</p><p>在适当的季节，在江边，和女生一起，迎着江风，欣赏两岸的建筑群，是如此惬意。</p><p>许多人都觉得在滨江大道隔江看外滩的风景更美。</p><p>在特定的节日，还可以放许愿灯。在那样的情境中，聊天更容易进入彼此的内心世界，情感和肢体接触也变得更加自然。很自然的牵手，让女生挽你的手臂、或者站在护栏的时候从后面抱着她。</p><p>4.夜公园</p><p>市中心有很多夜公园，晚上的气氛非常幽静，两个人可以手牵手走着，累了在长凳上坐会开始聊深入的话题。</p><p>以上推荐的一些约会地点和项目，是普适性较高的约会流程，容易操作，这样的约会流程下来想必和女生接吻也不是什么难事了吧。</p><p>希望兄弟们举一反三，没有最好的，只有最适合你们的。</p><p><br></p><p style=""color:#999;font-size:13px;font-style:italic;"">更新时间：2021-01-30</p>",32,https://www.weiwei567.com/addons/mm_las/images/ktfl/ktmr.png
1973,成为VIP会员，可全面解锁所有课程哦！,"<p></p><p>从广大姑娘的经历上来看，如果你能做到不犯以下的十条，你可以立刻在第一次约会的基础面打败90%的男人。</p><p>不是因为你很强，而是你的对手们太烂了！
 
以下是男人第一次约会易犯错误！</p><p><strong>No.10     过早动作过于亲密</strong></p><p>挫男指数   ★☆☆☆☆</p><p>杀伤指数   ★★★☆☆</p><p>综合指数   ★★☆☆☆</p><p>占便宜的小混混的错误，比如有些人深得把妹精髓，去扶女孩子的腰，这本来是好的，他却直接搂下去了，姑娘心里很清楚：你在占老娘便宜。</p><p>勇气可嘉，不过不够绅士。把妹是一门艺术，去学习如何正确的肢体升级技巧吧，你会如虎添翼。</p><p><strong>No.9      过早聊到隐私话题</strong></p><p>挫男指数   ★★☆☆☆</p><p>杀伤指数   ★★★☆☆</p><p>综合指数   ★★★☆☆</p><p>你有过几个男友？
我比他们帅吗？
你们为啥分手？
 ……</p><p>这里的概念，并不是告诉你不能问这类的问题，而是说要在正确的阶段说正确的事情。第一次约会，除非女孩子主动讲过去的事情（这个时候要避免“情感垃圾桶”/“男闺蜜陷阱），否则还是别提这些了。让过去的事情过去，别让女孩觉得你是个斤斤计较、醋瓶很深的男人。</p><p><strong>No.8      不会倾听</strong></p><p>挫男指数   ★★★☆☆</p><p>杀伤指数   ★★★☆☆</p><p>综合指数   ★★★☆☆</p><p>全民情敌里，HITCH的著名桥段，印证了倾听的重要性：
       
在带姑娘参观完画展后，问她觉得画展怎样，她最喜欢哪幅画，为什么喜欢那幅。当她回答的时候，不要盯着她的嘴，不要想她裸体是什么样的。倾听她所说的话，然后做出回应。这样，当轮到你讲话时，你就不会只说“我喜欢你的嘴唇。”</p><p>尤其是在姑娘长篇大论说了很多，一定要仔细倾听，然后做出评价、反馈。</p><p><strong>No.7      孤岛陷阱</strong></p><p>挫男指数   ★★☆☆☆</p><p>杀伤指数   ★★★★☆</p><p>综合指数   ★★★☆☆</p><p>孤岛陷阱是指在约会转场时，两个约会地点地理位置过远，且交通不便的情况。城东边的咖啡厅，然后，我们转战城西北的电影院吧，因为团购，便宜！</p><p>于是，你们站在：</p><p>环境1 冬天：寒风萧瑟，白雪皑皑的马路边，等待了30分钟，taxi还是没有搭到…</p><p>环境2 某些一、二线大风沙城市：大风大沙，尾气四溢的优美公交站牌旁，等待了20分钟的TAXI未果，最终坐上了路途花费1小时30分钟的公交车…</p><p>所以，安排好方便的转场，让约会事半功倍吧。</p><p><strong>No.6      没肢体碰触</strong></p><p>挫男指数   ★★★★☆</p><p>杀伤指数   ★★★☆☆</p><p>综合指数   ★★★★☆</p><p>女人都是天生的社交好手，身上的雷达敏锐程度惊人。我经常对男性朋友举例说，如果我把你介绍给我的姑娘。她会在一年以后清楚地说出你那天带了什么围巾、穿的鞋子擦没擦、衣服和裤子的颜色、当时的天气，以及对你的印象。</p><p>当然，在第一次约会时，你有没有肢体碰触女孩子，她也很清楚，而且会记得很清楚几次、在哪、什么时候……</p><p>肢体碰触是避免“瘟疫般的友谊区陷阱”的有利工具。碰触本身的意味在于：我们不是朋友。如果约会中没肢体碰触，最终就会把女神发展成朋友。</p><p><strong>No.5    男人滔滔不绝</strong></p><p>挫男指数   ★★★☆☆</p><p>杀伤指数   ★★★★☆</p><p>综合指数   ★★★★☆</p><p>如果你有过“和姑娘约会时滔滔不绝”的经历的话，请记住，她就算面带微笑，心里也在想：“妈的什么时候说完啊！”</p><p>所以，下次你再犯同样错误时，记住，你看到的姑娘的微笑，是她的教养，不是她的兴趣，姑娘心里的骂娘，你永远看不到。若你以后发现，自己在第一次约会，又滔滔不绝的时候，停下来，想一想是不是姑娘对你讲的话感兴趣，如果很勉强，换一个她感兴趣的话题聊吧。</p><p><strong>No.4      过分殷勤</strong></p><p>挫男指数   ★★★★☆</p><p>杀伤指数   ★★★★☆</p><p>综合指数   ★★★★☆</p><p>从小妈妈和学校告诉你要宠着女孩，关爱女孩，却没说过分卑躬屈膝会让你像个哈巴狗。</p><p>过分殷勤=自我价值否定+我不配你你这样做，若你自己觉得是应该的，女孩也会这样想。</p><p>女孩子有手有脚，有些事，她可以自理的，不用你太殷勤了，尤其是，你们才第一次约会…过分冷淡和过分殷勤都是不自信的表现，他们的平衡点才是绅士。</p><p><strong>No.3      炫耀</strong></p><p>挫男指数   ★★★★★</p><p>杀伤指数   ★★★★☆</p><p>综合指数   ★★★★★</p><p>露出名牌腰带、内裤，就是高价值吗？并不。姑娘就觉得你就是特意的，而且，你也没被冤枉。这种行为在姑娘看来都是小儿科，要多二有多二。炫耀=寻求认同行为=低价值行为。</p><p>孩子，你今天有这条腰带，带上就好了。炫耀会让你很掉价。不要效仿。让姑娘发现你的精彩，你的自信不在于一块表、一条内裤，甚至不在于豪宅、跑车。</p><p>男人的自信是透着内心里发出的，由内而外，不依赖于任何外物的。另外，炫耀个人经历，也可以是件二逼的事儿。</p><p>这样，你在对姑娘讲一个故事之前，仔细想想，是不是她会感兴趣。如果她一点兴趣都没有，即使你再想说，也是一厢情愿，憋回去吧，把妹达人修行是痛苦的，结果是好的。</p><p><strong>No.2      油头+脏鞋</strong></p><p>挫男指数   ★★★★☆</p><p>杀伤指数   ★★★★★</p><p>综合指数   ★★★★★</p><p>鞋=男人的脸</p><p>头发可以把你的分数整体提高1分，更可以把你的分数压低1分……下厨炒菜的油头更是杀人灭口，居家必备的核武器。保证让姑娘看到以后从第一眼恶心到最后，并且在你说拜拜的一刻，心里想“终于结束了”。</p><p><strong>No.1      没主见</strong></p><p>挫男指数   ★★★★★</p><p>杀伤指数   ★★★★★</p><p>综合指数   ★★★★★</p><p>点菜不是马拉松。</p><p>让女孩做决定，做选择，是女性最糟糕的约会体验。</p><p>姑娘T曾和我在第一次约会的时候，发现我全程都在主动带领时，就直接和我说：</p><p>“你比我以前约会过的那些男人靠谱多了。他们约我出来吃饭，连自己点菜都不会。我和你出来，就是要跟着你的感觉。整天问我点这个行不行，爱吃不爱吃这个，好像多关心我似的。是男人，就做决定。吃完饭，下一个约会地点去哪，也问我，想去哪。这样的，基本上就没有下次了。”</p><p>可乐还是雪碧，纠结了一生一世的男人们，选择做男人吧！</p><p>很多时候，A还是B，挫男会纠结哪个更合适、更好，而对于选择，往往时间更重要：在这个时间做出选择，远比选择了哪个重要！选择就是了，做出选择给姑娘的体验，远远优于纠结了很久，最后做出不一定最好的选择。</p><p><br></p><p style=""color:#999;font-size:13px;font-style:italic;"">更新时间：2021-02-02</p>",32,https://www.weiwei567.com/addons/mm_las/images/ktfl/ktmr.png
1972,成为VIP会员，可全面解锁所有课程哦！,"<p></p><p><strong>1.约会准备</strong></p><p>花时间换衣服和整理头发是非常有必要的，因为女人会注意到。</p><p>出门前先刷牙，一定不能出现口臭，还有把鞋子擦干净再出门。</p><p>喷香水，女人对喷香水的男人绝对加分，但不要使用廉价香水。</p><p>不要太早出门，准时到即可，出门前发信息问一下她出门了吗。</p><p>如果你们够熟悉了，可以跟她开个玩笑：在约会地点看到她时，给她电话说：“不好意思，因为XXX事情，我来不了啦。”然后突然出现给她一个惊喜。</p><p><strong>2. 进入健谈的状态</strong></p><p>健谈是非常重要的。推荐两个让你快速进入健谈状态的方法：</p><p>a.如果你和你的朋友一起出去的话，那就从他们身上找谈资。把你从同行的伙伴身上找到的谈资，练习成一种套路。这是一个绝佳的进入健谈状态的方法。事实上这是一个一举多得的方法，因为你在侃侃而谈的同时也能得到你朋友们的反馈（因为你说的就是他们）。</p><p> b.如果你是一个人赴约，那就先给聊得来的朋友或者亲人打个电话，跟他们说上几句，谈谈他们的生活。这也是一个能让你快速进入健谈状态的方法。</p><p><strong>3. 准备好谈资的小抄</strong></p><p>这一点是非常重要的，它能确保你说的话始终是新鲜的。没有什么比你身处在人堆里却词穷得没话说更能破坏当时的氛围了。这样的结果只能是你被晾在那里，然后失去了在人群中的价值。聪明的你，在出门前应该再次温习一下小抄的内容。你越是熟悉你准备好的谈资，那你说的才能越吸引人。但是，在表达过程中尽量避免机械式地说话，这样同样也会能毁掉浪漫的气氛。</p><p><strong>4. 保持三分钟的微笑</strong></p><p>当你微笑的时候，你会感觉更好。这是因为微笑能释放体内的内啡肽（一种传递愉悦情绪的激素）。保持微笑（即使是假笑），你的身体也会释放内啡肽，让你心情大好。在去约会之前，这样的好心情和放松状态是很重要的。所以尽最大的努力去微笑，那你在进场时的微笑才能最灿烂！</p><p><strong> 5. 呼吸练习</strong></p><p>没有什么比简单的呼吸练习更能让身体放松了。大多数人都低估了练习呼吸的作用，因为这个动作是如此平凡而又熟悉。练习时，先完全用鼻子吸气，然后屏住呼吸，在心里默数4下，再用嘴巴慢慢地把气全部呼出来，不留余地。重复练习四次或以上，直到你感到放松。</p><p><strong>6．做20个俯卧撑</strong></p><p>做俯卧撑是缓解你出门前额外紧张很好的一种方式。它能消除你体内的负能量，同时能促进全身睾丸素和内啡肽的释放。如果俯卧撑对你有难度的话，你也可以做一下跳跃运动或是原地跑。这样做的目的是为了抑制所有的负面情绪和紧张，让你有一个更好的精神状态。</p><p>如果你把上面说的都做了一遍，那你现在的感觉应该很好：放松、愉悦、做好充分准备的自信，而且有信心能让今晚变成一个神奇的夜晚。</p><p>去吧，加油！</p><p><br></p><p style=""color:#999;font-size:13px;font-style:italic;"">更新时间：2021-01-30</p>",32,https://www.weiwei567.com/addons/mm_las/images/ktfl/ktmr.png
1971,成为VIP会员，可全面解锁所有课程哦！,"<p></p><p>有一次我和女生闲聊，对方提及某餐厅的东西特别好吃，于是我顺口说了一句：“那你请我去吃吧！”没想到那个女生很爽快地答应了。在这之后我经常分析男人会犯的一个通病：无条件主动请女人吃饭看电影。他们没有逆向思考，从没想过让女生请吃饭、请看电影。</p><p><strong>案例一</strong></p><p>你：晚上有什么特别的安排吗？</p><p>她：还好。</p><p>你：没安排请我吃饭吧！（用微笑调节）</p><p>她：哈哈，没问题。</p><p>你：你只是随便说说呢，还是真的有心请呢？</p><p>她：请你吃饭又不是什么大问题。</p><p>你：时间？地点？</p><p>（你们约定时间、地点）</p><p><strong>案例二</strong></p><p>你：晚上有什么特别的安排吗？</p><p>她：还好。</p><p>你：没安排请我吃饭吧！（用微笑调节）</p><p>她：为什么啊？</p><p>你：因为我觉得你挺喜欢我啊。</p><p>她：真臭屁，哪有！</p><p>你：要是不喜欢我，你也不会和我聊这么久，我觉得你至少不讨厌我。</p><p>在案例二中，女人的反应是一次废物测试，此时不必纠结于吃不吃饭这件事，保持好框架，你们可以继续聊下去，如果有好的时机再确定另一次约会。需要注意的是，很多时候女人的话都不可信，即便她说好了请你吃饭，也别太当真。还记得我们说的“幼儿园般的对话”吗？你们之间的沟通是一种情绪沟通，情绪都是短暂的，这次沟通的结果与下一次互动之间并没有必然联系。你真正需要的是从传统“男追女”的思维定式中转变，男女间的约会应该是两人的共同投入。</p><p><br></p><p style=""color:#999;font-size:13px;font-style:italic;"">更新时间：2021-02-01</p>",32,https://www.weiwei567.com/addons/mm_las/images/ktfl/ktmr.png
1970,成为VIP会员，可全面解锁所有课程哦！,"<p></p><p>在大学里加起来约会超过上百次,我可以很负责地告诉你大学里如何选择约会地点。</p><p>以我看来，大学永远是最好的约会地点，自带食堂，自带宿舍，旁边有小旅馆，校园里还自带软妹子。</p><p><strong>1.情人坡</strong></p><p>每个学校都有一个叫情人坡的地方。在午后慵懒的阳光下，带上自己的女朋友，躺在阳光下的草坪上，或者去情人坡走到一个单身女孩身边说：“我想认识你。”在夜空下，牵着女孩的手，躺在情人坡的草坪上数星星，这会是你一生珍惜的回忆。</p><p>环境：☆☆☆☆</p><p>私密性：☆</p><p>互动性：☆☆☆☆☆</p><p>经济性：☆☆☆☆☆☆☆☆☆☆</p><p><strong>2.自习室</strong></p><p>自习室永远是一个青春萌动的地方。豆蔻年华，年少芳华。还记得斜对面那个正在写作业的小女孩吗？如果我还是大一，我一定会和你手牵着手去上自习，一起做题，一起吃饭，一起散步。把你送回宿舍的门口对你说，回去吧。晚安，亲爱的。</p><p>环境：☆☆</p><p>私密性：☆☆</p><p>互动性：☆☆</p><p>经济性：☆☆☆☆☆☆☆☆☆☆</p><p><strong>3.校园景点</strong></p><p>曾经我在D区时，会带着女友在川美的看台坐一晚上。说着情话，数着熙街的灯光，从黄昏看到日落。可惜的是，那时的那个她，已经不在我身边了。</p><p>环境：☆☆☆☆</p><p>私密性：☆☆☆</p><p>互动性：☆☆☆☆☆</p><p>经济性：☆☆☆☆☆☆</p><p><strong>4.校园操场</strong></p><p>曾经的我每天最喜欢的时候就是放学。因为这时候的我，会去操场上跑步，跑累了以后牵着女孩的手，在操场上一圈一圈地散散步你知道么，只有累了以后牵着她的手那一刻才最让你心动。</p><p>环境：☆☆☆</p><p>私密性：☆☆</p><p>互动性：☆☆☆☆</p><p>经济性：☆☆☆☆☆☆</p><p><strong>5.校园边的小店</strong></p><p>如果你有个女朋友，在上完自习之后带她到校园周边的小店里喝一杯吧。如果没有，那就自己去校园周边的小店里，对那里的女孩说：“hi，一起喝一杯吗？”</p><p>环境：☆☆☆</p><p>私密性：☆☆</p><p>互动性：☆☆☆☆</p><p>经济性：☆☆☆☆☆☆</p><p><strong>6.校内的某些角落</strong></p><p>每一个学校都有自己独特的文化，每个学校都有自己不成名的某些角落，每个学校都有某些奇妙的传说。你可以去搜集一下这些东西，带女孩走到这个地方看看风景，讲讲故事。然后吻她的唇。</p><p>环境：☆☆☆☆☆☆</p><p>私密性：☆☆☆☆</p><p>互动性：☆☆☆☆</p><p>经济性：☆☆☆☆☆☆☆</p><p><strong>7.教学楼楼顶</strong></p><p>你带着女孩去过楼顶吗？在那里，是最适合吻她的唇。想象一下，在校园里最高的地方拥抱着她四周无人吻她，对她说，从今以后你就是我的女人。</p><p>环境：☆☆</p><p>私密性：☆☆☆☆</p><p>互动性：☆☆☆</p><p>经济性：☆☆☆☆☆☆☆</p><p>校园版的约会地点都是非常经济适宜的，非常省钱。</p><p>因为没有一切世间繁事的发生。校园，是浪漫发生的最好地方。你也许不会记得你上个月和谁上床，但是，你却会深深地记得在学生时代爱过的那个人。</p><p><br></p><p style=""color:#999;font-size:13px;font-style:italic;"">更新时间：2021-01-30</p>",32,https://www.weiwei567.com/addons/mm_las/images/ktfl/ktmr.png
1969,成为VIP会员，可全面解锁所有课程哦！,"<p></p><p>约会，最重要的就是沟通。</p><p>一般人约会不是看电影就是去高档餐厅，迷信这些建议的男人总是花了冤枉钱又没有回报。</p><p>再次强调，约会只有一个目的：升级你们的关系。如果关系没有往前推进不成功，那这次约会就会浪费一次机会，几次约会后，女人只会把你当作朋友，而不是潜在的发展对象。</p><p><strong>1.约会环境</strong></p><p>选择约会环境最首要的关注点是必须避免进入“孤岛陷阱”：你们约会第一站，如果附近并没有完善的配套后续地点可以转场（咖啡厅、甜品店、电影院、酒吧之类的场所），那么你们就如同被困在一座孤岛上，变得无所事事，气氛越来越冰冷尴尬，最后只能各回各家。不要小看这一点，这种情况经常会在约会中发生。</p><p>什么环境才适合约会呢？建立互动交流的环境，舒适、安全、稳定是最重要的因素。能够让你们的互动不大受外界干扰的环境才是好的约会环境。</p><p>嘈杂拥挤的环境会影响舒适。不是非得有几个保镖才叫安全，约会的“安全”要让她既不感受到你的压迫，也不需要关注太多外界的变化，可以专注地投入到与你的互动中。稳定的定义是不迫切、不赶时间，没人催着你们赶紧做完眼前的事情，安心约会就好。</p><p>像火锅店、自助餐、大排档之类的环境是非常不适合约会的，尤其是第一次约会，几乎等同自杀！这种环境大大影响舒适、安全和稳定，很强地分散了她在你身上的注意力。</p><p>比如在火锅店，你们正分享自己的感情经历，旁边突然有人大喊“服务员，加水！”那就会很糟糕。如果她穿得很漂亮出来，就更不乐意去火锅店了，哪个女人都不希望漂亮衣服上沾满火锅味儿。</p><p>所以相比起这些人流嘈杂的环境，我更推荐你们约会时去吃干净的日本料理，因为简单、花费时间不多，自由自主的方式也更有利于你们进行互动。</p><p><strong>2.尽量选择多环节约会</strong></p><p>一次好的约会必然需要流程顺畅。假如一次约会吃完晚饭后需要大老远地从东城打车到西城，花很多时间在赶路上，那么两人间必然会产生出很多气氛低落的时刻，你们的情绪很难维持，自然影响吸引力和关系升级。</p><p>从一个环境转移到另外一个环境，也是大大增加联系感的手段。随着环境的转移，人会产生一种时间上的错觉，让她觉得和你已经认识了很长一段时间。</p><p>在一间昂贵的餐厅枯坐4个小时，把话题都聊尽，一定比不上在甜品店坐半小时，再一起到小店买个口香糖，接着去吃个日本料理，吃完在附近逛逛书店，时间晚了再到露天阳台喝一杯马天尼。</p><p>你们的共同经历越多，生活的交集就越重叠，可以联想到的话题也就越多，这样的约会才不会无聊。经历几次转场，你和约会对象的联系感就会非常强，你们会觉得一见如故。</p><p><strong>3.转场选择近距离</strong></p><p>要有好的转场地点，你必须把约会安排在一个能够为你带来配套约会地点的区域。从吃饭、到晚餐后的甜品屋、再去一个安静的地方喝一杯，这些地方越近越好。不断转换环境才能帮助你们在约会中升级关系。</p><p>忽略掉晚餐，从甜点和咖啡开始也是很稳妥的约会安排。在选择环境时，是否有益于沟通才是你应该关注的重点。你要知道，女生答应约会的目的是想要见你，并不是单纯想吃饭。</p><p>一次浪漫的约会并不取决于你吃什么喝什么，而是约会的氛围，她不会因为你带她吃的牛排很好吃而爱上你。不要憋足劲儿请她吃大餐，抑或做其它昂贵不讨好的事情。</p><p>我以前的一位学员曾经谋划了半个月，花费了几千元请女孩吃法餐，结果约会却尴尬无比——用餐时需要的各种礼仪弄得女孩子很不适应，她将注意力都放在如何吃好这顿饭上了，当然顾不上与男人互相了解。</p><p>在最初的约会中，看电影也是很差的选择。这是一个漫长的过程，你们不能有效地利用观影的时间交流，因为电影院不适合聊天。你们的关注点会在电影剧情上，而不是彼此之间。</p><p>所以，一场电影过后，你们的关系几乎不会有丝毫的进展。逆水行舟，不进则退，没有帮助就是减分。</p><p><strong>4.提前规划好约会路线</strong></p><p>比较合理的约会流程应该设立最终目的地，然后以最终目的地为导向，一环一环地往前推衍出约会转场路线。比如：</p><p>甜品——广场——露台酒吧——你家</p><p>寿司——超市——你家——遛狗——她家</p><p>雪糕——展览——咖啡——溜冰场——她家</p><p>现在互联网非常发达，在无论手机应用还是社交网站，你都能很轻松地找到一系列值得玩耍的地方，提前制定好约会路线。</p><p>另外你会发现，节假日时间很多城市公共设施都会不定期举办一些对外开放的免费展览，这些活动也是不错的约会选择，因为氛围随意，没有拘束，双方也能更放松。</p><p><br></p><p style=""color:#999;font-size:13px;font-style:italic;"">更新时间：2021-01-30</p>",32,https://www.weiwei567.com/addons/mm_las/images/ktfl/ktmr.png
1968,成为VIP会员，可全面解锁所有课程哦！,"<p></p><p><strong>1、确认默契</strong></p><p>“你是做什么工作的？”</p><p>“你喜欢什么类型的音乐？”</p><p>当你开始听到这些问题，先不要立马回答，等一小会儿！对方的提问、寻求认同，都是在表现对你的兴趣。你应该先确认两人之间的默契，然后释放IOI（兴趣指标） 和IOD（无兴趣指标） 的混合信号，调动她的情绪。这样，你们的情绪状态才会互相贴近，你们才会感觉很熟悉。例如：</p><p>女：你是做什么工作的？</p><p>男：我做进出口生意。</p><p>女：嗯？</p><p>男：专把你这样的女孩子卖到非洲去的。</p><p>女：哈哈！说正经的。</p><p>男：好好好。我做了个网站，许多漂亮的女孩子在上面教男人怎么谈恋爱。全世界的男人都会来看，包括非洲哦。所以我也不算骗人哦。
 </p><p> <strong>2、让她了解你</strong></p><p>
你需要通过有条理的方式把你过去的经历、现在面对的事情和对将来的憧憬展示出来。通常在没有计划过的情况下，你可能需要花大量的时间让对方了解你，但如果你能够有系统地像讲故事那样把这些东西拼凑在一起，就能够在短短的约会中，甚至一个小时内，让她感觉已经深入了你的生活。不要忘了，女人只有了解你，才会跟你回家的。</p><p>首先，要做到有效的背景链接，你需要准备好自己的DHV（高价值展示）故事，这在我们之前的篇章中已经提到过。这些DHV故事是你的闪光点，你可以用几句话或几个字记在手机里，好让自己把这些闪光点记住。不要高估了人类的记忆，很多时候，大家都无法在短时间内，把自己是什么样的人说清楚。你需要一定的练习，才能发挥自己这些闪光点。</p><p>其次，你需要学会做到“多重脉络对话”。多重脉络对话指的是你在谈话当中，不断地穿插和切换话题。这样做的好处是，让话题保持新鲜的同时，使对方觉得谈话氛围轻松、随意，好像熟人一样的感觉，而不是把一个话题谈到无法再接下去的时候才切换。多重脉络对话的形式如下：</p><p>（1）提出多个话题。</p><p>（2）推进其中一个话题，搁置剩余几个。</p><p>（3）搁置当前话题，重新推进刚才搁置了的话题。</p><p>（4）继续切换。</p><p>随着你的故事不断增加，你要把多个故事的“过渡点”缝合起来，就可以连接成一整片相通的对话脉络。准备充足，就不愁没有谈资了。我们需要注意的一点是，这些话题之间要符合实际情况，要达到建立吸引和建立联系感的目的，不然的话，你的表现会变成疯言疯语。
 </p><p> <strong>3、懂得展示自己敏感的一面</strong></p><p>“敏感面”指的是一个人脆弱、尴尬、青涩的一面。大部分男人只希望展示最好的一面给女人看，但却不知道其实适当地展示自己的敏感面可以让你看起来更像一个活生生的人，女人会因此更了解你。什么是敏感面？</p><p>举一些例子：</p><p>尴尬的故事。</p><p>初恋的失意。</p><p>小宠物的离世。</p><p>对亲人的爱与矛盾。</p><p>一切你不会告诉普通陌生人的小秘密。</p><p>我不是让你暴露出自己负面或者变态的一面。展现一些属于你人格特性的敏感面并不是贬低自己。你可以用些有点小丢人的故事来展现你的另一面。不过要先保证你说的事是可能发生在每个人身上的，而且你很好地解决了这件事。你不能跟她们说一些让你看起来像个大蠢货的故事，比如你喝醉了以后喜欢跳脱衣舞，或者你尿床、生气的时候会摔盘子等，一点也不酷。</p><p>在透露自己敏感信息的同时，你也需要给对方空间去展示她的敏感面。这样有利于你们两人之间建立互信，这是一个秘密的交换的过程。在展示这些敏感面的时候，你可以适当地用幽默的方式去展现。不要埋怨，不要带有负面情绪，千万不要真的展示一些低俗丑事，比如你偷窥隔壁宿舍女生洗澡之类的事情，拜托，那是“阴暗面”，不是敏感面！
 </p><p> <strong>4、运用冷读术</strong></p><p>
任何信息都会先被听者过滤，再和自己的个人经历对照。冷读就是利用了这一点，能让你看起来像对一个人有很深层次的了解。人都会以为自己很特别，即使他们和其他人在性格上有很多共同点。因此，冷读建立是建立联系感非常有效的一招。如果你跟一个女人聊天，刚见面没多久就能准确地说出这个女人身上的一个深层次特性，她会觉得你很有深度，并且会琢磨为什么你能这么了解她。</p><p>不过，要记住哦，在冷读的时候要真诚。你说的东西至少要有一部分是真的，最起码前后要连贯。如果她是一个派对狂人，玩得很疯，嘴巴动得跟机关枪似的，你最好不要说“我觉得你的内在是一个很文静的人”。我们前文说过，在任何情况中，冷读都不是撒谎，只是根据你对她行为和性格的观察所做出的大致评价。“你是一个很乐观的人”，够笼统吧！你基本上可以从许多情形中提取出冷读的线索。</p><p>“你笑起来就像一个小女孩儿一样。但是，我觉得其实你自己对世界有很多理解，只不过很少说出来。”</p><p>“ 我想，很多人会觉得你很成熟，但是我知道。我可以从你的眼睛里看出来，你的内心其实还是一个小女孩儿。”</p><p>冷读的关键就是真正地开始观察别人。你愿意的话可以用这些案例，但是你自己观察出来的东西是更有信服力的。</p><p><br></p><p style=""color:#999;font-size:13px;font-style:italic;"">更新时间：2021-02-01</p>",32,https://www.weiwei567.com/addons/mm_las/images/ktfl/ktmr.png
1967,成为VIP会员，可全面解锁所有课程哦！,"<p></p><p>约会，做些什么？</p><p>要是你留心看自己所在的城市每天都在发生些什么事情，你会了解，其实有很多活动是很适合你和目标女生一起参加的。</p><p>现在互联网这么发达，豆瓣同城、人人、微博，到处都能找到有趣的事情做。</p><p>很奇怪，平时很少人会去参加这些有趣的事情，全都集中在假期，才一股脑去找地方玩，去约女孩。这种方法其实很笨的，就跟到了春节才去看机票火车票一样，你玩到的往往都是人挑剩下的，还贵。</p><p>我自己而言，喜欢平时探索城市，不管去参观电影首映式、枕头大战还是美食节，我都很开心，因为新鲜，好玩！</p><p>要是城里举办一些我之前没见过、没听过的活动，我一定会带着小伙伴去看看，不一定要是女孩子啊！</p><p>这种生活方式很有趣，并且你还有很多故事可讲，晒晒新的照片，形成这种生活方式，到你要约女生的时候她会觉得你很会玩。其实大多数女生都不会玩的！都需要你带着她玩。到要约的时候再参考她意见就晚了！</p><p>比如，如果你经常出去参加活动，就会很清楚要约的女生怎么约会才开心。</p><p>她是那种规规矩矩的“淑女型”？买个冰淇淋给她，边走边逛灯市。 </p><p>“洒脱型”？一起去动物园看猴子表演。</p><p>从没算过命？带她去玩塔罗牌。</p><p>其实在城里，只要寻找，一定有很多活动值得一去。也许有的听起来不像去约会，但只要加入一点创造力，就可能变成她体验最好的一次约会。</p><p>约会的时候我该怎么做？</p><p><strong>在外进行这种冒险点的约会时，气氛很重要。</strong>特别是只有你和女生两个人在一起时。我挺喜欢冒险这个词，感觉若是她第二天用冒险来跟朋友形容她的约会很酷。</p><p>约会当天跟她说：“我们一起去冒个险吧!”许多女人，特别是年轻点的，会受同伴影响，怕同伴知道她参加某某活动，觉得滑稽，于是拒绝邀请。</p><p><strong>但你可以给出这样的框架：“要不我们去尝试一下新的东西。”问题便迎刃而解了。</strong>跟活动本身没关系，只是你我之间一起进行的小冒险，即使这种冒险是嘲笑活动本身的愚蠢和无聊也可以。</p><p>气氛很重要。我曾经带一个姑娘去看儿童街舞比赛。一开始，那个姑娘并不期待这个约会会很有趣，可能她本身没那么喜欢孩子。但在过程中，我们讨论着这些孩子各种各样的舞姿，最后她开心得不行！</p><p>我发现最有趣的是，任何时候，她觉得有趣或无聊的时候，都会立即转头来看看我的反应。她的情感状态跟随我的进行改变。我笑她跟着笑，我沉默她便也安静了。这就是框架在作用，在我的框架中，我散发出温暖，有趣和激动的气氛，于是她感到了积极的情绪。反之亦然。</p><p><strong>最后我要说，要是你没有标记着各种各样时间和活动的日历，赶紧弄一个。</strong></p><p>还有，即使一个活动听起来很愚蠢，正确的态度加上一些创造力的框架也会使活动变成一个有趣的冒险。永远记住热情能传染的。多笑，欣赏你看到的东西，这样会感染到女孩。</p><p><br></p><p style=""color:#999;font-size:13px;font-style:italic;"">更新时间：2021-01-31</p>",32,https://www.weiwei567.com/addons/mm_las/images/ktfl/ktmr.png
1966,成为VIP会员，可全面解锁所有课程哦！,"<p></p><p>物以类聚，人以群分。人会被情绪状态和生活状态相近的人吸引，当你们的共同点表现得越来越多时，她意识到，你们在日常生活中能够相处，有共同的兴趣、观点和生活习惯，而不只是昙花一现的花火，你们是合适的一对。
 </p><p> <strong>在对话交流中寻找共性是比较常见的办法。两个萍水相逢的人也会通过互相问问题来寻找共同点。</strong>比如最常见的对话：</p><p>男：你是学什么专业的？</p><p>女：心理学。大二了。</p><p>男：有点意思。我昨天刚读完《梦的解析》，精神分析心理学是你们的必修课吗？</p><p>通过对话，联结建立了，共同点找到了，你们因为有共同的认知，会觉得相处比较舒适。共性可以是任何事物，联结可以是音乐，甚至是你最喜欢的薯片品牌。你越能找到更多的共同点，你们之间的联结就越深。</p><p>“你是做什么工作的？”</p><p>“你喜欢什么音乐/ 电影/ 小说/ 电视剧/ 食物？”</p><p>“你有什么爱好？”</p><p>“你老家在哪里？”</p><p>“你在哪儿读的大学？”</p><p>这些是最常听到的建立双方舒适感的问题，但是它们不算很好，提问并不是很好的沟通方式。比如上面关于女生专业的对话，如果你一点都不了解心理学的话，就没什么话好聊了。
 </p><p> <strong>有引申的话题比短问题要好。用陈述句提问威胁性不会那么强，还能帮助你发现双方的共同点。要延续对话，你必须留点话梗。</strong>比如：</p><p>男：对了，我认识你的时候，记得你还在念大二。</p><p>女：嗯，对呀，我主修心理学。</p><p>男：呀，对大二的女生来说，这样的专业不会压力很大吗？我听说学心理学之前需要先检查自己的心理健康的。</p><p>女：不会吧！其实没有外面传的那么玄乎。而且我平时还会弹弹琴、打打游戏什么的，没什么压力，哈哈。</p><p>在这个例子里面，即使你一点都不懂心理学，你也可以通过对话引导来发现她懂乐器，喜欢玩电脑游戏。如果你了解其中任何一个活动，或者你有相关的经历（比如说你小时候学过口琴），那你就可以继续推进话题了。
 </p><p> <strong>开放性的问题可以用来获得害羞女人的更多信息，你会发现其实她们与你有很多共同点。</strong></p><p>这里还提供一些开放性的话题：</p><p>“跟我说说你暑假怎么过的吧。”</p><p>“你的朋友好像都很喜欢跟着你哦。”</p><p>（她说了一件自己的经历）“你对这件事好像很在意，应该对你影响很大吧！”</p><p>（她说了一种情况）“你以前遇到过这种情况吗？”</p><p>（她提到某个爱好）“这个好像很有趣，你是怎么开始喜欢上它的？”</p><p></p><p> <strong>表达同感能为你们之间增进感情。同感的意思是“我能理解你的感受”。</strong></p><p>比如这样的表达会更微妙：</p><p>“你当时肯定特别开心。”</p><p>“你肯定气死了，我知道。”</p><p>“你当时一定很尴尬！”
 </p><p> <strong>另外一种表达同感的方式就是表达对她目前状态的感受：</strong></p><p>“你越说越激动，这件事一定对你很重要吧。”</p><p>“听起来很痛苦！”</p><p>“你好像因为这件事挺伤心的。”</p><p>“哇，你对×× 很有激情啊！”</p><p>“我从来没见过有人对这件事表现得这么在乎。”
 </p><p>  <strong>如果你们喜欢同样的东西，那就赞美你们之间的共同点，这同样也是一种展示联结的方式：</strong></p><p>“你看的书挺有范儿的嘛！”</p><p>“你对音乐的品位真的很棒。”</p><p>“你真的很会吃！哈哈，我喜欢。”</p><p>“你喜欢足球？喜欢运动的女人很厉害！”
 </p><p> <strong>但有一点需要注意的是，不要只是为了迎合她的喜好，你需要真诚地寻找你们之间的共同点。</strong></p><p>刻意讨好会让你显得虚伪，在她心目中地位降低。</p><p>已经有大量的男人在向她摇尾巴了，她不需要多一个这样的你。</p><p><br></p><p style=""color:#999;font-size:13px;font-style:italic;"">更新时间：2021-01-31</p>",32,https://www.weiwei567.com/addons/mm_las/images/ktfl/ktmr.png
1965,成为VIP会员，可全面解锁所有课程哦！,"<p></p><p>有啊！约她出来最好就是用打电话来约了。
 </p><p>如果在之前的聊天中已经做好铺垫为，接下很好见面，你要做的就是邀请她加入你的生活。</p><p>这一时间段的主要问题是：不同的女人会有不同的社交焦虑。有些人天生没有什么顾虑，一个人就可以跟你和一群朋友玩得很开心；有些女人需要朋友的陪同才敢安心出来与你约会；有一些女人喜欢单独相处，但不愿意太过私密，在公众场合她们才会感到舒服。</p><p>如果你对她的想法还没什么把握，有一个很有效的方法可以帮助你邀约：列出约会的选项，给女人选择权。</p><p></p><p>多个选择的邀约一般都是这样的：“（聊了一段话题后）你不是很喜欢看调酒师调酒吗？礼拜三晚上，我和几个好朋友约了在×× 一起喝一杯，那里的调酒师挺不错的。你应该过来啊！喜欢的话，可以带上你的好姐妹。我朋友都很帅的！对了，第二天我还要去找裁缝做件外套，要不你过来帮我参谋参谋？拜托啦。”</p><p>这样一来，她就可以选择她觉得舒服的时间和方式。</p><p>确定好接下来的见面后，跟她多聊两三分钟再挂电话。在你们见面之前的这段时间里，不要频繁地提起约会，你肯定也不想别人天天打电话催着吧。</p><p>如果提前邀约，有的时候你确实得联系她。比如中间时间间隔太长，或者她每次接电话不巧正有事，你们没有机会深入沟通，那就很有必要保持热度。用短信息持续跟她聊聊生活中有趣的事，把身边刚刚发生的好玩事儿拍照发给她。</p><p>约会的那一天，你要先打电话跟她落实一下。约好的事不是万无一失的，因为这是个计划赶不上变化的时代。有时候女人会因为压力太大，专门拖到约会当天放你鸽子。假设你们约好在晚上见面，在下午打电话给她。这个过程中话语一定要亲切，而且时间保持在三分钟内，把更多的话题留到跟她真正见面时再聊。电话的内容最好是和你们见面前几天有关的，这样可以表现出你并不急于和她约会。不要刻意说些什么来讨她欢心，那会暴露你的不安全感。</p><p><strong>邀约案例</strong></p><p>你：听说晚上你要去三里屯喝一杯？</p><p>她：什么？ / 听谁说的？ / 没有啊！</p><p>你：全北京都在传这事儿了，很多人都这么说。</p><p>她：哈哈，怎么连我自己都不知道？</p><p>你：他们说晚上你和×××（你的名字）去三里屯那边喝一杯。</p><p>她：是吗？哈哈，你这是约我吧。那他们说几点呢？</p><p>你：传说中好像是9 点，听说你会穿得很性感。</p><p>她：哈哈，晚上见吧！</p><p>太多男人在邀约时都只是问女人有没有空，要请她吃饭看电影——如果你用大部分男人的方式邀约，那你也只能得到大部分男人所得到的拒绝。</p><p>这个方法在使用上非常简单，只要和女生有了一定的联系感便可以了。女生收到这个对话时都会觉得好玩，因为以前一定没有人以这种方式约过她，如果你的邀约地点、时间是合理的，一般她都不会拒绝。</p><p><br></p><p style=""color:#999;font-size:13px;font-style:italic;"">更新时间：2021-02-02</p>",32,https://www.weiwei567.com/addons/mm_las/images/ktfl/ktmr.png
1964,成为VIP会员，可全面解锁所有课程哦！,"<p></p><p>一般来说，一个女人被你吸引时不太会把负面情绪丢给你，因为她会担心把你吓走。如果你发现她开始主动讲她伤心的过去，跟她爸妈吵架的经历，对她前男友还余情未了，那有两种可能：</p><p><strong>1.这个女人很容易打开心扉，喜欢向人倾诉。</strong></p><p><strong>2.你把可得性释放过头了，很可能已经冲淡了自己先前展现的吸引力。</strong></p><p>无论哪一种，在这个时候，她已经把她情绪问题的水闸打开，准备向你喷涌了，你很危险。如果你发现自己已经沦落到这个地步，眼看着要开上“我们还是做朋友比较好”的高速公路，赶紧踩刹车！你不能成为她的情感垃圾桶，像一个“男闺密”一样分担她所有的痛苦。</p><p>你可以半开玩笑地说：“再继续聊下去，我就要收你200块的心理咨询费了。你带卡了吗？”</p><p>或者更大胆一些：“没想到你已经把我当男朋友了。作为一个优秀的男朋友，我会为你分担痛苦的，来，我的肩膀借给你。”</p><p>这些玩笑能让她意识到，她向你索取了过多的义务，而没有作相应的投入。这是一次友善的提醒，同时撤回你释放过多的可得性。你要让对方明白，你的情绪不是廉价的，你只会为关系足够亲密的女性分担她的负面情绪。</p><p>如果经过“提示”她还未能理解两个人的交往需要遵守一些基本原则，你可以直接友善地提醒她：“我们换个话题吧，我觉得现在不是很想聊这些。”这能够瞬间打破她的倾诉状态，也会导致她想对你进行废物测试。一旦通过这些测试，你将获得新的机会去启动吸引力开关。</p><p><br></p><p style=""color:#999;font-size:13px;font-style:italic;"">更新时间：2021-02-01</p>",32,https://www.weiwei567.com/addons/mm_las/images/ktfl/ktmr.png
1963,成为VIP会员，可全面解锁所有课程哦！,"<p></p><p>告诉你一个秘密，大部分女人都会对星座塔罗感兴趣哦！身为十二星座之一的你，还不知道自己约会的优势和适合自己的约会攻略吗？选择适合自己的约会地点和约会惊喜事物搭配，会事半功倍哦~快来试试吧！
 </p><p><strong>一、十二星座的惊喜事物和专属地点</strong></p><p>
1、双子座\天秤座\水瓶座</p><p>惊喜事物：专属配件</p><p>专属地点：有你的地方，哪里都浪漫</p><p>随性而为的风象星座，别看他们平时大大咧咧的，其实说不定提前一两周就开始筹划着自己在情人节应该怎么打扮，应该用什么样的方式来反应恋人为自己准备的惊喜。古灵精怪的风象星座并不期待那种电视剧的浪漫桥段，那样会让他们觉得模仿的痕迹，所以风象星座的恋人们可要大费周章方可打动他们。不过在七夕情人节这种日子里选择一份特定属于各自的信物对他们还是十分奏效的，有这样一件专属配件对风象星座来说绝对比一百句“我爱你”还要有用。</p><p>2、白羊座\狮子座\射手座</p><p>惊喜事物：我们爱情宣言</p><p>专属地点：能看到日出的地方\高速公路\露天广场</p><p>火象星座的人总是喜欢享受刺激、接受挑战，将他们的爱意燃烧在激情之中。在这样一个值得纪念的日子里，他们更要抓紧机会向世界宣告自己爱情。当然作为他们的恋人，也要做好抛头露面的准备，那种电视剧中站在某个露天广场，大声说我爱你的场景随时都可能发生。还有一种享受这个节日的方式是开车去一个风景如画的地方，一起等待日出的来临，这刻能让火象星座感觉到一种如清新空气般的希望的到来，对于爱情他们也同时保有着这两个信念，激情和希望。</p><p>3、金牛座\处女座\摩羯座</p><p>惊喜事物：美味大餐</p><p>专属地点：安静能聊天的地方\人少的地方\简约风格的餐厅</p><p>对土象的三个星座来说，可能觉得火象星座在情人节烧钱有些过度，这三个星座对情人节的理念是简单、私密。一顿精致的大餐，一副板凳，恋人们相拥感受彼此的存在，小声地说着只有他们才明白的过往，才是他们所要的“浪漫”。他们不喜欢太多人的地方，这样会破坏掉与恋人之间的私密性。为他们准备一直没有吃过但却盼望很久的美食，土象们便能够表现出灿烂而甜蜜的微笑，千万不要在这个时候拿出一大束玫瑰之类的物品，土象对这些完全抵制，搞不好就会因此破坏气氛哦。</p><p>4、巨蟹座\天蝎座\双鱼座</p><p>惊喜事物：恋人的真心</p><p>专属地点：巨大落地玻璃的花房\能看到黄昏落日的海滩</p><p>水象大概是四元素中最热衷于情人节的星座了，所以在这么特殊的日子怎么能让水象单调地度过呢，他们在心中已经规划了无数的期待和场景能让自己“哇”的一声扑入对方怀里，每个电影桥段对他们都很管用，而他们也不在乎那是不是老套。在浪漫的名义下，做任何事情都是值得被表彰的。海滩、蜡烛、鲜花、爱心，这些元素在水象的眼中成为恋人传达爱的最好方式，而感动的拥抱也是他们回报给对方最衷心的感谢，然后一同看着落日徐徐落进海中，蜡烛的光芒照亮着彼此的脸庞。</p><p><strong>二、十二星座的约会优势</strong></p><p>1、金牛座：主动埋单</p><p>金牛座给人最深刻的印象是抠门，小气，斤斤计较。他们要是约会时表现的慷慨大方会改善别人的看法，令人刮目相看，好感瞬间爆棚的节奏。舍不得孩子套不住狼，金牛约会一定要记得主动埋单噢～</p><p>2、白羊座：幽默风趣可加分</p><p>白羊的小脾气像是被宠溺的小孩，自我为中心，自以为是的性格不太招人喜欢。那么可以尝试改变下，做只幽默风趣的小羊，可是会让约会更加顺利的噢~好感蹭蹭往上涨~</p><p>3、双子座：学会安静</p><p>天生活力四射的双子就是个话唠，在约会的时候就会叽里呱啦的说个不听，不厌烦的人会觉得到身边像有只蚊子一样。所以双子得活泼要尝试着适可而止，视情况而定想必聪明的他们一点就通的~</p><p>4、巨蟹座：聆听者</p><p>温柔的巨蟹是懂得顾全他人的感受，约会时候他们会非常小心，耐心地聆听对方的声音。甚至有时候将自己的声音埋没，巨蟹真的是一个老好人。他们为别人着想的无私奉献精神让许多人都为之倾倒。</p><p>5、狮子座：表太傲娇</p><p>一向独断专行的狮子座从不听从他人的意见，跟他们的约会一般都是狮子一手策划安排好，性格上的不注意细枝末节，高傲不可一世要不得~所以表太傲娇，那样不招人爱~</p><p>6、处女座：童真点</p><p>处女座的人给人的感觉总是太苛刻，严谨，凡是一板一眼，现实到冷酷无情的感觉。那么，想要改变这种印象，约会谈恋爱的可以适当做回最童真的自己，或浪漫或天真都能让好感上升。</p><p>7、天秤座：太阳神</p><p>天秤给人的第一印象都很随和，亲切感十足，像极了太阳神温暖人心。再加上他们那俊俏的外表加分不少，长相好的福利就是什么也不用做也能让约会对象瞬间融化。</p><p>8、天蝎座：酷酷的</p><p>太容易得到的总是不会珍惜，那么天蝎座在约会时也要保持一贯的酷酷的感觉噢~只有这样才能勾起对方的兴趣，神秘气质是约会时候好感产生的催化剂。</p><p>9、射手座：正能量</p><p>射手座的积极乐观的心态总是能影响到身边的人，他们热情洋溢，充满了正能量，加上射手幽默细胞的作用，约会时候对方很满意，能不好感度爆棚吗~</p><p>10、摩羯座：笑容</p><p>平时非常严肃的摩羯要是应该保持微笑，这样才能不被平时摩羯座呆板的印象而大大折扣，否则约会气氛很尴尬，是没有什么好感而言的~</p><p>11、水瓶座：创意满满</p><p>水瓶的思想不跟你我在同一个档次上，我们的思想简直太low了，他们在约会是总是能给约会对象一个意外惊喜，约会的方式、地点、时间都是常人意想不到的。水瓶座的创意满满才会让好感满满~</p><p>12、双鱼座：浪漫</p><p>双鱼座的浪漫是出了名的，跟他们座约会绝对是一个正确的决定。细心的双鱼约会会做到面面俱到，让人感觉到觉到被照顾呵护的浪漫，约会对象瞬间沦陷好感瞬间上升。</p><p><strong>三、十二星座约会技巧</strong></p><p>1.给她写信。</p><p>偶尔给她写封信，用纸笔亲手写下你对她的爱与思念，也可以告诉她你期望的性爱方式。</p><p>2.吃饭时坐在与她90度角的位置。</p><p>在约会就餐时不要坐在她对面，与她保持90角，坐在她的左边，腰部以上转向她，这会让她产生好感。</p><p>3.握住她的手。</p><p>挽起她的手，用力握住，这能起到催情的作用，也表明你对她无比忠贞，且骄傲地向全世界宣告这一点。</p><p>4.巧妙称赞她。</p><p>最好的称赞要包含多层意思，如“你的胸真美”，但不要说得太过详细，让话里带着暧昧。</p><p>5.只亲吻。</p><p>男人一般把亲吻作为发生性关系的一种手段，而女人用亲吻来观察恋爱状态，尤其伴侣的承诺。只与她亲吻，但不要过于深入，会让她很期待下一次。</p><p>6.乘坐夜间火车。</p><p>与你的女伴一起乘坐夜间火车，这能让你们体验到如小说般的旅行刺激，还能增加你们的亲密接触。</p><p>7.请她上堂接吻课。</p><p>请她示范一下她认为的性感之吻是怎样的，然后把主控权交给她。</p><p>8.在车里诱惑她。</p><p>将车停在私密的地方，与她调情，诱惑她一起享受激情。</p><p>9.在公众场合对她耳语性期待。</p><p>坐在公园长椅上，四周有人经过，在她耳边倾诉你期待的性爱细节。</p><p>10.保持灯光昏暗。</p><p>女人无法在性爱中放松的最大原因之一就是担心身体暴露，所以请保持灯光昏暗或者干脆点亮蜡烛。</p><p>11.做个性游戏。</p><p>在纸条上写下你们分别希望对方做的事情，在私密的空间里让对方抽签并行动。</p><p>12.前戏不要直奔主题。</p><p>前戏时，生殖器是禁区。触碰她身体的其他部分，并且让她形容此刻的感受。</p><p>13.创造期待。</p><p>期待就像春药，别急着脱掉她的衣服，告诉她你希望在她每寸裸露的肌肤上做些什么。</p><p>14.变换刺激。</p><p>当你全部进入她的身体后，还要增加一些小动作，如抓住她的乳房，拍拍她的屁股。</p><p>15.正确使用后入式。</p><p>这个姿势能对她最敏感部位产生强烈刺激，所以动作要保持短而浅，而非深而快。</p><p><br></p><p style=""color:#999;font-size:13px;font-style:italic;"">更新时间：2021-01-30</p>",32,https://www.weiwei567.com/addons/mm_las/images/ktfl/ktmr.png
