1883,成为VIP会员，可全面解锁所有课程哦！,"<p>
            1. 看见TA后，心跳会加速，但表情非常淡定。</p><p>2. 踏进校门的第一步，就到处寻找TA。</p><p>3. 每天晚上都要想着TA才能入睡。</p><p>4. 会把TA送你的东西保留得很好。</p><p>5. 总喜欢在TA的面前跟其他朋友打闹、玩耍。</p><p>6. 除非有重要的事情，否则不敢随便拨TA家的电话。</p><p>7. 每次电话响的时候就会希望是TA打来的。</p><p>8. 如果TA生病了会很担心。</p><p>9. 可以为了TA付出任何的代价。</p><p>10. 看着TA灿烂的笑脸，自己也会不知不觉的微笑。</p><p>11. 不希望让TA看见自己不好的一面。</p><p>12. 看到TA被别人欺负的时候会很想揍那个人一顿。</p><p>13. 跟别人谈论TA的时候根本就不觉得累，而且越讲越起劲。</p><p>14. 如果看见TA跟别的女生/男生玩得很好的时候会觉得很难过。</p><p>15. TA不注意自己时，会一直看着TA，但是如果TA转过头来看你，就会立刻转移视线。</p><p>16. 如果伤害到了TA，会觉得很急，怕TA会生自己的气，就算是平时，也总是怕TA生气，动不动就想说：“对不起。”</p><p><br></p><p style=""color:#999;font-size:13px;font-style:italic;"">更新时间：2021-01-31</p>",23,https://www.weiwei567.com/addons/mm_las/images/ktfl/ktlb/ktd.png
1882,成为VIP会员，可全面解锁所有课程哦！,"<p></p><p>有句话说：再牛逼的时光，也比不上曾经傻逼的岁月。</p><p>大学的爱情，也许是最令你心跳的回忆，当然，前提是你需要找到一个女朋友。否则看再多的饭岛爱、苍井空、小泽玛利亚，却也不知道手枪以外的真实滋味……</p><p>大学阶段，是个体能力与社会压力（尤其是社会层级及畸形价值观的影响）对比悬殊最大的时期，大学生也许不是承担着最大的压力，但一定是承担着最大的“压强”，也面对着代价最高的“选择权”，这时的选择，影响之后三五十年甚至更远的人生。</p><p>大学时代你的个性，决定未来人生的高度。大学时代的恋爱，决定了你将来在情场的闯荡是否一帆风顺。</p><p>一句话概括：对于大学生，唯有爱情与梦想不可辜负。</p><p>如果现在的我给多年前初入校园的自己一些建议，我会说：这些话你必须要听进心里去！</p><p><strong>1. 不要跳过这一章，直接去翻看以后的章节。</strong></p><p></p><p>相反，这一章应该是你反反复复仔细阅读最多遍的。克服心浮气躁，是你需要修行很久的。</p><p><strong>2. 早点谈恋爱。</strong></p><p>没有所谓的“早恋”，任何时候你觉得是不是有点早，其实很可能已经有点晚了。</p><p>早恋没有错，错的是不具备足够的心智，用错误的方式恋爱，是你坑了恋爱，而不是早恋坑了你。</p><p>我经常见到一些三四十岁的大叔，跟我13岁时都没法比，他们谈恋爱的方式毒害更大。</p><p>还有，你要引起注意，早点开始有谈恋爱的意识与行动，但是学会恋爱，获得奖励回报，赢得女人芳心，比你预期得可能还要来得更晚一些。</p><p>并不是你今天决定要谈恋爱，明天就能追到女孩的。</p><p>如果你现在开始学习，2个月入门，6个月可以一战，经历几次实战，挫折打击，重新修炼自己的魅力，增加价值，1年追到第一个女票，但你发现她并不是你理想中的爱情，于是继续追求更高分的女人，必然会被当头一棒，受刺激的你越向上爬，根据边际效应，每抬升一步，付出和磨练得会几何倍数的增加，2年了，你终于追求到一个更好的女人，回过头再看1号女友，当时觉得8分，现在看来是4分……</p><p>越到后面越难，又5年，你提升了一档（并非物化女性，只为标示清晰），回过头看，发现8分变4分的规律是铁律啊!</p><p>等到有一天，你发现自己怎么爬似乎也够不到梦想的女人了，你决定妥协了，结婚吧，到此为止。</p><p>恋爱，越到后面，你的竞争压力越大，心上人被抢走的风险也越大，我再提醒一下你中国的男女比例，至少3000万男人是抢不到老婆的。你还不明白“先下手为强”的意义吗？</p><p><strong>3. 第一次谈恋爱，一定要像个傻逼一样用尽所有力气去爱一次。</strong></p><p>每个男人都至少应该用心用力的爱一次，至少是第一次和最后一次。没有当初傻逼的自己，哪有后来牛逼的你呢？</p><p>别以为你进了小鹿，就能让你刀枪不入，所向披靡，最英勇善战的斗士一定是全身伤疤的。一个男人连犯错和受伤的勇气都没有，能有什么出息。</p><p>爱情最大的力量，一定是来源于发自内心的爱，丢了这个，你已经走错方向了，已经输了。</p><p>还有，爱情需要意志力，需要生命力，别过早成为爱无能的人。</p><p><strong>4. 做一个特立独行的自由的人。</strong></p><p>心灵自由是这个社会的稀缺品，这句话可能你很久以后才会有更深度的感悟。但是如果在你人生观塑造成型的时候，你进入了一个封闭的千篇一律的“模子”，成型后大概也很难再改变了。</p><p>人生本来就没有什么规范，远离那些“人生导师”，如果有老师或者“朋友”一直在你耳边重复那些人生格言，远离他们，别让自己内心的声音被淹没了，也多去看看那些“不一样的人”。</p><p><strong>5. 想做什么就做什么，不要在意屌丝的眼光。</strong></p><p>因为你在意屌丝的话，代表着你也是屌丝。</p><p><strong>6. 多读书，读好书。</strong></p><p>少刷微博、朋友圈、知乎，多读各类学科中的经典书籍。</p><p>记住，归根结底，你需要学硬知识，而不是读软文，鸡汤，洗脑的罐装材料，甚至营销广告文。</p><p>要学，就学最正道的，让你读起来烧脑的，而不是读着轻松愉悦的“马桶读物”。这些硬知识可能比你学到的所有的泡学技巧都有用得多。</p><p><strong>7. 高调的人比低调的人进步得更快。</strong></p><p>让自己处于高曝光度的焦点，参加社团，多去认识朋友、老乡，当然还有妹子。有活动，尽量参加，不在乎比赛胜负，在乎对你人生的胜负。</p><p><strong>8. 不要脸皮太薄，这个时期的你自尊没有什么意义。</strong></p><p>搭讪没有什么，别放不开脸面。大学时，可能是你丢掉一次脸面耗费成本最低的阶段了，这个时候放不开，以后更悬。</p><p><strong>9. 搭讪别瞎搭。</strong></p><p>不要每次都背书一样：“你好，是这样的，我刚才在那边看到你经过，看到你很有气质，所以想过来跟你搭个招呼……我没有恶意的……我朋友还在等我，我只有一分钟的时间……”</p><p>记住：每次搭讪，试着用不一样的搭讪方式，不要重复！</p><p>如果你看到一个妹子在拿着手机玩自拍，过去跟她说：“我可以给你拍张照片么，我看到你的镜头感很好，而我的技术不错，我们一起试试看能拍出什么样的照片，等下可以的话，你能帮我也拍一张吗？”</p><p>如果你看到两个分值都很高的妹子，招人瞩目，大方地过去跟她打个招呼，然后说：“如果现场选一名最美女生的话，我一定给你投一票……”</p><p>然后继续开玩笑的说：“不过我会给你的这位同伴投十票，哈哈。”</p><p>如果你看到一个妹子抱着一只兔子，练习自己的思维灵活性，过去跟她说：“姑娘，你嫌月亮太冷，所以抱着玉兔来地球了吗？”</p><p><strong>10. 不要太在意钱，别拿一时的窘迫自己和圆头圆脑戴金链子的大叔比较。</strong></p><p>还有，做个大方慷慨的人，钱花完了也没什么，反而会刺激自己去想办法赚钱，但是小气的性格养成了，以后都难改。</p><p>记住：女生讨厌小气鸡贼的男人。</p><p><strong>11. 如果你一直抱怨自己的长相和身高，那十年后，你还是在一直抱怨。</strong></p><p>如果你每天跑步，坚持健身，十年后你会发现自己居然变帅了，还有人鱼线这种约炮利器！</p><p><strong>12. 别和自私的傻逼们一样在自习教室占座。</strong></p><p><strong>13. 要有自己的兴趣爱好。</strong></p><p></p><p>也要有自己的特长，并且专注的投入时间、精力，把特长技能修炼得又“精”又“妖”。拒绝庸常！</p><p><strong>14. 爱这个字，晚点说出口。</strong></p><p>首先，表白死了一片，你何必急着送死。其次，追女孩没有快慢之分，爱情的每个时刻都应该是让自己享受的，急着往前为什么？为了那五秒钟？但是追女孩有稳健与无知之分，也有高效和低效之分。</p><p>再次，一般大学男生通常分不清自己是寂寞作祟、生殖需要还是真的喜欢，当心自己恶心了自己。</p><p>搞清楚这个问题，需要思考与实践结合。别打稀里糊涂的炮。</p><p><strong>15. 当你吻一个女生时，要吻个不停，要深情。</strong></p><p>如果她哭了，吻她，如果她笑了，吻她，如果她什么都不做，还吻她。</p><p><strong>16. 既独自一个人旅行，也和妹子一起旅行。</strong>这是完全两种不同的模式。</p><p><strong>17. 培养自己绅士的品格和礼仪。</strong></p><p></p><p>周围兄弟、舍友再笑你装，参照第5条。结果往往是，他们没有妞，而你有，但是你不会嘲笑他们，你是名绅士。</p><p><strong>18. 骨子里要有好斗血性，保持狼性。</strong></p><p>如果有兄弟说喜欢你一直喜欢的女生，不要像个老好人一样默默的委屈的帮他递情书，光明正大的告诉他你也喜欢她，打一架吧！</p><p>气场是一点一点的积累起来的，而你的血性与激情，决定你将来的上限。</p><p><strong>19. 抓住公开说话的机会，别到了30岁公开讲话时还特么的紧张、口吃！</strong></p><p><strong>20. 玩，要会玩，要玩得疯狂</strong></p><p>但是还能不挂科，最好拿一两次奖学金，感受一下就好，然后让给贫困的同学。最看不起学没学好，玩也不会玩的半吊子。</p><p><strong>21. 要有清晰的自我认知，知道自己的优势和短板，及早画出自己的“个人魅力元素模型图”。</strong></p><p></p><p>懂得和女生匹配的基本规则，评估匹配度。</p><p><strong>22 . 差距悬殊的，学会放手，别当痴恋的“癞蛤蟆”，现实中从来没有一只癞蛤蟆吃上过天鹅肉。</strong></p><p>不要再继续下去，痛快的放弃，不纠缠，不庸人自扰，不自寻烦恼，不喝醉不出洋相。</p><p><strong>23. 被女生拒绝后，死缠烂打之前，想想原因，学会控制自己的情绪。</strong></p><p>不怕犯错，怕连错都没犯过，但更怕犯了错却还犯同样的错误！别小看这一条，听起来简单，但是多少人正在做这样的傻事！这个错误的普遍性绝对超乎你们的想象。</p><p>可以说，为什么你感觉自己陷入泥潭无法自拔，你讨厌自己的处境，很大程度上就是因为意识不到自己一直在犯同样的错误！</p><p><strong>24. 当你不喜欢一个人，不玩暧昧，不要给对方任何希望，哪怕是一句问候。</strong></p><p>因为你不知道，对方会把你无心的问候不断脑补想象放大意淫然后傻傻的认为你也喜欢她。当然，你自己心更乱。</p><p><strong>25. 爱情灭亡时，男人应该主动提出分手，舍得，放下，潇洒，并且要习惯主张自己拥有选择的权利。</strong></p><p>26. 别相信“捷径”“秘诀”。</p><p>如果你有这样的想法，说明三点：</p><p>你急功近利，你侥幸心理，你幼稚不成熟。</p><p>看似捷径，实际上往往是偏离了方向，离目标更远，南辕北辙。犹豫的时候，选择最费力的那条路。</p><p><strong>27. 坚持正确的方向，养成正确的习惯，沉淀自己。</strong></p><p>在校期间，实际上是你沉淀自己“魅力元素”和“精英能量”的最佳时期。今后你能多么的吸引女人，很大程度上取决于这段时期你的积累。</p><p>同样的技巧，我能用，我会用；而你不一定能用。同样的开场“你好，我想认识你”，我用能成功，而你会被打枪。归根结底，取决于你现在的每一天在做什么，别到几年后徒伤悲。</p><p><strong>28. 不要迷信把妹达人。</strong></p><p>不是看几篇PUA帖子，背几个惯例就能搞定的。如果你真的这么想，要么你是低估了女人的智商，要么你就是高估了自己的智商。</p><p><strong>29. 不要受把妹达人荼毒，让你失去了拥有一段难忘恋爱经历的机会，并且让你远离了成长与爱情的正道。</strong></p><p><strong>30. 要有主见，特别是辨识力。别轻信，别轻易被洗脑。</strong></p><p>大学生是极易被洗脑的群体。要有学会质疑的习惯，以及挖掘根源与本质的习惯。不要只会看表面热闹，要么学会专注自己，心无旁骛；要么看得透彻，有自己的主张。</p><p>如果你分辨不了真假，比如那些博眼球的视频（即便视频都是假的，都是托，但也暴露了导师那么的LOW……）或者吹牛贴，还有什么销量、排行榜。如果这些基本的“真相”你都不了解，那你可能更少机会了解到更多的真相，这会影响到你赚钱、升职、投资，还有你对于更多的规律的认识等等。</p><p>学会多问几个为什么，看导师如何回答。锲而不舍的再问几个，大概就能看出导师的修养和水平了。</p><p>比如吹牛贴，导师说自己搭了100个正妹，你可以问“为什么你每次都是同样的开场，同样的话，而且看似很蹩脚，这样的搭讪有什么技术含量？”“为什么我没有感觉到有什么牛逼的地方？”“你所谓的牛逼在于哪里呢？你认为你吸引到这个妹子了吗？”“为什么你的摄像机位明显都是摆好的，女人不会问摄像机的事吗？”……</p><p>自己的钱要珍惜，自己的选择要对自己负责！</p><p><strong>31. 尊重人性，减轻道德枷锁。</strong></p><p><strong>32. 保持好奇心，保持善良。</strong></p><p>如果你听到“好男孩”找不到女朋友，善良的人当备胎，老实的人自己都觉得自己好像是傻逼，心灵纯净的男人肯定没本事，讲话太深度别人骂你装逼犯，讲话没深度别人说你没个性……</p><p>你应该明白一件事：真正的牛逼，需要比那些庸人至少牛逼两倍以上才行。那不是一件容易的事。</p><p>还有，真正的牛逼，不是活在别人的眼中的。</p><p><strong>33. 告诉你吧：真正的魅力男人，让人根本无法定义。</strong></p><p></p><p>不知道如何描述你，最高境界是“无相”！爱情如光谱，是光波？是粒子？是什么颜色？</p><p>什么都是，什么也都不是，这便是真正魅力男人和爱情的最高境界。</p><p><br></p><p style=""color:#999;font-size:13px;font-style:italic;"">更新时间：2021-02-02</p>",23,https://www.weiwei567.com/addons/mm_las/images/ktfl/ktlb/kte.png
1881,成为VIP会员，可全面解锁所有课程哦！,"<p></p><p>一个女人愿意和你出去约会，就已经有五成的几率愿意和你有点暧昧了，剩下五成几率可以靠着一些技巧来实现。这一观念相当浅显，通过长期以来形成的社交直觉，总结出衡量绿茶指标和假正经的各项指标。
 
绿茶指标有别于IOI，一般被定义为性暗示、性邀请或是性挑逗，我把这些信号统统定义为她在装绿茶。这一指标无一例外地出现在所有女人当中，只有或多或少的差别而已，我把这种社交直觉意识化后，形成数字化分析评判体系，完全用理性来分析女人，从而对女性建立了一个更为透彻的了解模式。
 </p><p><strong>绿茶指标</strong>
绿茶指标包括三个分类，被动指标收集到的指标为1颗星，主动指标收集到的指标为2颗星，邀请指标收集到的指标为5颗星。</p><p>被动指标可以用七字绿茶真言来概括：靠-盯-脱-露-含-触-叫。</p><p>“靠”是指女人和你并排行走时，主动贴着你的身体，坐在一起时，则会主动挨着你旁边坐下；“盯”是指你讲话或者与女人互动时，目标无意识地瞪着你走神，她们不在乎你说的是什么，只是傻傻地盯着你看；“脱”是指女人主动在你面前脱衣服，而且故意脱得很慢，哪怕在不热的状态下，纯粹出于诱惑的目的；“露”是指和你在一起时穿得比较暴露，或者故意在你面前大泄春光；“含”是指目标喜欢嘴里含着棒棒糖或者含着半口饮料，然后朝你微笑，并不急着咽下，要知道，女人的唇和齿可都是性感杀器；“触”是指女人会主动触摸你的头发、衣领、手臂或者其它身体部位；“叫”是指在影院看恐怖电影，或者在路上行走时，经常被突然冲出的小动物吓得故意大声尖叫，有时候不是因为害怕，而是为了让你把她搂在怀里。</p><p>主动指标可以用四字绿茶真言来概括：靠-搂-摸-亲。
 </p><p>“靠”是指约会时靠近目标做出亲密动作时对方无反感；“搂”是指过马路时或散步时搂着对方无反感；“摸”是指两人单独在一起时，对目标的手臂或者其它敏感部位抚摸无抵抗；“亲”是指亲吻女人脸颊或者嘴唇没有遭遇抵抗或者反感。</p><p>邀请指标很简单，就是女人主动发信息或者打电话邀请你去吃饭、看电影或者玩。</p><p>由以上三点，可以得出如下的绿茶指标评判标准：收集到3颗星或者3颗星以下，可直接视为指标误读；收集到4-5颗星，加强诱惑收集；6-8颗星视为绿茶，直接可以发出邀请；8-10颗星，极品绿茶类型，非常寂寞难耐，渴望得到诱惑；10颗星以上视为性饥渴的公共汽车。
 </p><p><strong>假正经</strong>
 假正经的女人在陌生人面前，总是表现出神圣不可侵犯的样子。但是一旦出外旅行，或者在其它没有心理负担的情况下，她们就表现得非常开放，引诱男人们尽快下手。韦跃在分析这种女人时认为，她们不是不骚，是没有遇到能让她骚的男人。一般情况下，三种男人会让假正经的女人变闷骚为明骚：一类是帅哥；二是同样假正经的男人；三是以权谋私的领导。</p><p>一对假正经的男女相遇，刚开始会有些冷场，当确认为同类之后，场面会极其火爆。开始聊天时，双方都会反复声明自己是正经人，喜欢跟有思想有深度的人沟通交流。等到双方聊得投机过后，就开始互相展现风骚的一面了。他们都是先以假面示人，最后脱下假面，就变成赤裸地坦诚相见了。</p><p>假正经的女人会发出以下的信号：</p><p></p><p>1、喜欢装作神圣不可侵犯的样子；</p><p>
2、内心世界极为庞大，很喜欢不切实际的意淫和幻想；</p><p>
3、表面和内在相当不统一；</p><p>
4、喜欢通过照片或者文字间接地表达内心想法；</p><p>
5、先做后说，或只做不说；</p><p>
6、关注时尚，担心自己仪表不整，很在意别人眼中的自己；</p><p>
7、常常掩饰自己内心的真正想法；</p><p>
8、公共场合不主动也不被动，但在私人场合却非常配合，甚至主动引诱；</p><p>
9、常在公共场合表现自己被吸引的一面，但又表现的很正经；</p><p>
10、表面风平浪静，内心波澜壮阔；</p><p>
11、不爱说话，想法多用文字表达；</p><p>
12、无法忍受孤单和寂寞，总喜欢跟别人待在一起；</p><p>
13、很少整理房间，再乱也无所谓，但是出门时一定会把自己打扮得漂漂亮亮；</p><p>
14、对自己男友很不耐烦，大呼小叫，但是对其他男人却温柔有加；</p><p>
15、越是男人多的场合，显得越兴奋，并且擅于眼神交流。
 </p><p>根据以上，评判标准，可以对假正经的女人做出以下解读：满足0-3条者视为指标误读；4-5条值得引起注意，拉响警报；6条以上视为假正经，直接下定义，不用听她任何辩解；8条以上，极品假正经，非常寂寞难耐，随时准备出轨；满足10条以上，绝对假正经，她们会主动寻找出轨放纵的机会。</p><p><br></p><p style=""color:#999;font-size:13px;font-style:italic;"">更新时间：2021-01-28</p>",23,https://www.weiwei567.com/addons/mm_las/images/ktfl/ktlb/ktf.png
1880,成为VIP会员，可全面解锁所有课程哦！,"<p></p><p>想认识的女生，可以是你身边的女性资源，或者找一个有大量女生的社交平台，也可以直接搭讪你喜欢的女孩。懂得怎样追女生的把妹达人通常会选择搭讪，因为这样能迅速扩大的女性资源库。</p><p><strong>方法1. 搭讪女孩</strong></p><p>如果没有搭讪经验，记住一两个好的开场白是必要的。</p><p>在这推荐二个非常简单的开场白：</p><p>“Hi，我刚刚经过看到你，要是我不过来跟你打个招呼认识一下的话，我怕等一下回去以后可能会觉得有点后悔……可能你会觉得有点老土，但我觉得没有更好的方法，所以就直接过来了，我叫XXX……”</p><p>又或者“我刚才在那边等朋友时看到你经过，觉得你挺有气质/好可爱/很特别的，所以想过来跟你打个招呼认识一下，但不知道你朋友有没有跟你说过，你真的挺友善的。”</p><p>如果你搭讪时很恐惧，不敢上去开口，“三秒法则”可以帮到你。当你看到一个你喜欢的女孩，你必须在3秒钟内上去跟她说话，这样你就没有时间想一堆狗屁理由而不上去。把这个定为军规！</p><p><strong>方法2. 上社交平台</strong></p><p>你可以考虑参加一些社交活动，比如报一个拉丁舞蹈班，通常舞蹈房里大部分都是女人，男人少得可怜。通常去跳舞的女孩不会太差，而且她们需要男人作为舞伴，老师也会叫大家交换舞伴，即使你很害羞，也能认识到不少的女孩。</p><p><strong>方法3. 相亲、朋友介绍</strong></p><p>不要抗拒介绍，其实很多高质量的女生都没有多大社交圈，她们也需要靠介绍或相亲来认识男朋友。好看的女生不一定就有人追。 </p><p><br></p><p style=""color:#999;font-size:13px;font-style:italic;"">更新时间：2021-01-30</p>",23,https://www.weiwei567.com/addons/mm_las/images/ktfl/ktmr.png
1879,成为VIP会员，可全面解锁所有课程哦！,"<p></p><p>无论你是想要结婚或者是找个女朋友、寻找真爱、还是成为情圣万人迷，首先，第一个问题要把这个值得你费尽心思的“她”从人群里找出来。</p><p>简单来说，我们可以把认识女生的途径简单地用下图分解清晰。</p>
交集有利你建立信任，也多了日后再次见面的契机。此外，社交认证、价值的传达、等等可以增加她对你的兴趣的方法，也会在有交集的关系中得以更好发挥。</p><p>相反，无交集的认识方法，比如搭讪，也有它的好处。</p><p>搭讪可以帮助你跨越社交圈子的限制，把你的潜在目标范围无限扩大，让你有更多选择；此外，哪怕在你与女生的交往当中搞砸了，它也不会给你带来社交后遗症。</p><p><strong>一、认识女生前的注意事项</strong></p><p>有交集的女生，比较容易认识，因此我们不过多讨论。其中，在公共平台认识女生，和社交环境认识女生有很大相似之处，我们先给你一些准备工作的建议：</p><p>1. 保持微笑，如果是在进行一些有趣的活动，确保自己先玩得痛快。</p><p>2. 展示自信的肢体语言。</p><p>3. 做任何一个群体的领袖（使用大幅度的手势，吸取众人的注意力，等等）。</p><p>4. 让一些女人围着你，刚刚认识的也不怕，这会神奇地助你吸引到漂亮的女生。</p><p>5. 保持你的活动范围，不要频繁走来走去。</p><p>6. 不要老是四处观望。</p><p>7. 不要让别人觉得你明显在泡妞。让女生们围绕着你，对你感兴趣，这就很好了。不要众目睽睽地记下她的电话号码。</p><p>8. 别和挫男们一起打闹扮酷，这顶多让你变成挫男之王。</p><p>9. 要善于社交，和别人修好，而不是掠夺性地到处跟别人抢话、抢女伴。</p><p><strong>二、留意搭讪邀请：</strong></p><p>女人在社交聚会和公共场所的行为，是极少胡来的。</p><p>特别在中国，女生对陌生异性有好感时，因为含蓄而不敢主动跟男生说话，只好下意识释放一些信号邀请男生去搭讪她。</p><p>当女生给你以下反应时，你上去跟她说话她不会拒绝你，你说什么她都会回应你。</p><p>1. 看着你、跟你眼神接触。</p><p>2. 久久站在你旁边不离开。</p><p>3. 故意在你看得见的地方。</p><p>4. 摆弄头发，整理衣服，以引起你注意。</p><p>5. 大声说话、调笑，故意让你听到。</p><p><strong>三、认识女生时我该说什么？</strong></p><p>首先，在社交环境和公共平台，更多时候你与目标女生的交流只是整个大画面的一角，你需要更多和整个环境的互动，你需要建立社交认证，你需要更多视觉上的表达……</p><p>在这种环境下，推荐你使用间接开场白，借助当前的场景，去开启和女孩的谈话。</p><p>而在日常场景里，经过我们的大量实践发现，直接开场白比间接开场白更管用。</p><p>下面为大家推荐一些实用的开场白，但是请注意，开启对话请结合当下的场景，没有一个开场白是万能的。</p><p><strong>1. 间接开场白</strong></p><p>开场白：
 </p><p>你好，你在干嘛呢？
 </p><p>你在等朋友吗？
 </p><p>你一个人来逛街吗？
 </p><p>嘿，你好，这本书好看吗？
 </p><p>你走路的姿势很优雅，你以前学过跳舞是吗？
 </p><p>我看你走路姿势好可爱，有人说过你走路像小企鹅吗？</p><p>评价：自然开场最为灵活，根据当时的场景跟目标聊天，以上只是其中的例子。</p><p>推荐指数 ★★★★★</p><p><strong>2. 意见开场白：</strong></p><p>1） 刚才我和我的朋友在讨论一些事情，我们想知道女人到底是怎么看到这个问题的：
 </p><p>女生喜欢一个有女友的男生，应该追吗？
 </p><p>醉酒后的话可以相信吗？
 </p><p>女生应该生气男友玩真心话大冒险吗？
 </p><p>接吻算是偷情吗？
 </p><p>你们说男人和女人谁更喜欢说谎？</p><p>2） 我的朋友冬瓜（一个有趣的外号）刚和女朋友分手，就是那边穿衬衫的帅哥，你觉得他要等多久才能和别的女生约会。</p><p>3） 我需要一些女生观点，如果你跟某人交往了三个月，他不想你跟他的某个朋友太亲近，怎么回应才好，假设这个人只是朋友，不会发生什么事。我这么问是因为我朋友跟她女友交往了三个月，她要他不要跟她的朋友那么亲近。</p><p>适合情景：社交场合，静止的目标。</p><p>评价：意见开场只合适在社交场合，能有效的打开组合，最好加上假性时间限制，开场完成后不要停留在开场白的话题上，要开始一个转折话题。</p><p>推荐指数★★★★☆</p><p><strong>3. 直接开场白</strong></p><p>开场白1：嘿，等一下，我只有一分钟时间，如果我不跟你打个招呼认识一下，等下可能会觉得后悔的，因为在（你所在的城市）漂亮的女孩很多，而我觉得你特别的友善。</p><p>适合情景：非社交场合，移动的目标</p><p>评价：“嘿，等一下”先让目标停下来，“只有一分钟”是假性时间，“怕后悔”给她一个非常合理的原因，“漂亮女孩多，而你很友善”是调节。</p><p>推荐指数 ★★★★★</p><p>开场白2：我刚才在那边等朋友看你经过/我刚才经过看到你，觉得你很有气质/好可爱/很特别，所以想过来跟你打个招呼，认识一下。</p><p>适合情景：非社交场合，移动或静止的目标。</p><p>评价：重点在于真诚地说出你的想法。描述出你搭讪前的情景，让目标知道你为什么过来。</p><p>推荐指数 ★★★★★</p><p>开场白3：刚开始随便聊几句（如问路），等目标走出几米后，再追上去第二次开场“如果我不回来跟你认识一下，等下可能会觉得后悔了，因为你给我的感觉是一个非常友善/热情的女孩，我叫XX....""</p><p>适合情景：非社交场合，移动或静止的目标。</p><p>评价：可以根据第一次开场时目标的反应而决定是否继续，如果女生反应好，你再次出手，如果女生反应冷淡，可以选择不出手，减少被打枪。</p><p>推荐指数 ★★★★★</p><p><strong>4. 多人组合开场白：</strong></p><p>1) 你好，我觉得你朋友很有气质（很可爱....），想跟她认识一下，我可以跟她聊几句吗？</p><p>2) 你们好，我可以得到你们的允许跟你朋友聊几句吗?我觉得她很有气质，想跟她认识一下。</p><p>3) 你们好，刚才看到你们，我想认识你们当中的一个朋友。</p><p>评价：要点是先征得目标朋友的认同，而不是一上来就目标说话而忽略障碍。</p><p>适合情景：非社交场合，移动或静止的目标。</p><p>推荐指数 ★★★★☆</p><p><br></p><p style=""color:#999;font-size:13px;font-style:italic;"">更新时间：2021-01-29</p>",23,https://www.weiwei567.com/addons/mm_las/images/ktfl/ktmr.png
1878,成为VIP会员，可全面解锁所有课程哦！,"<p>
            记得杨过是怎么追到小龙女的吗？</p><p>首先，你得长得帅，杨过比较帅，时间长了小龙女就动心了。</p><p>其次，你得有时间跟她耗。女孩子通常存在依赖心理，大叔比傻小子好依赖的多。所以通常，女生不会考虑姐弟恋，但是有些女生年龄大了就可能会饥不择食。</p><p>第三，要学会耍赖皮。说实话，我的前女友比我大三岁多，遇到也是缘分，初期没有怎么交流，后来呢，就是瞎聊天，每天聊下天，加强存在感，能达到日久生情的目的。男女之间，跟对方消耗的时间越长，就会越有情意，越舍不得对方。只要她不反感你，就尽量拖时间吧，赖上她。</p><p>第四，要找到共同爱好。那段时间正好有一些际遇想记录下来，写个小说。于是就告诉她，我要为她写一篇小说，小说内容不是关键，关键是我喜欢一个人就会为她做一些事情。总之，每天聊聊情节，倒也蛮开心的，后来就发现俩人都爱手工，就有更多的相似点了。</p><p>第五，胆子要大，脸皮要厚。语言上懂得撩，女孩子听了脸红心跳，好处多多。两次约会她就答应做我女朋友了，第一次请她看电影，送送花吃吃饭啊都是常识。电影院最大的好处是可以动手动脚，她不好意思喊，当然要有个规矩，不能太过分。然后第二次约会就晚上了，吃完饭散散步，走到路边，我突然心里一动，把她按在墙头强吻一阵。。。总之，这一切都是建立在互相有吸引力的前提下的。</p><p>所有这一切，你首先要确定她不会顾忌年龄。如果她是一个很传统的，很听父母话的，父母又比较不开通，你就放弃吧，前面还有更好的。</p><p><br></p><p style=""color:#999;font-size:13px;font-style:italic;"">更新时间：2021-02-01</p>",23,https://www.weiwei567.com/addons/mm_las/images/ktfl/ktmr.png
1877,成为VIP会员，可全面解锁所有课程哦！,"<p></p><p>宅本身并不是一件错事 关键在于你有没有放纵它侵占你的现实生活。</p><p>
其实如果你日常生活平静愉快，人际交流和心理上并不对现实存在很大的抵触感，和完全不了解宅文化的人也可以很好的相处，不封锁自己那就只是一个喜欢宅文化的正常人。就把这当做一个爱好，带着它继续进行自己的日常生活就行了。</p><p>但如果已经是沉溺进去的话，就真的非常难办了，这样的阿宅在我印象里有一个共同的形象，就是缩在角落抱着膝盖的小孩子，不敢抬头看这个世界，更不敢走出角落去拥抱它，所以更宁愿只待在自己的世界和同伴们用属于自己的语言交流。</p><p>就曾经自己的心态和身边的阿宅朋友们看，很多都是因为受过打击和伤害而害怕接触“三次元”，宁愿选择缩在自己的小世界，动画，手办和同人不会对自己造成伤害，隔着屏幕的时候才会有安全感，甚至有很多人自裂于日常生活。</p><p>把“三次元”的东西一概归为异类，认为他们都是不懂我还想评价我伤害我的坏人蠢人，不愿意去接触或者不知道怎么去接触而走出第一步，和陌生人的交流对他们而言非常痛苦，潜意识已经把自己锁在一个小箱子里。</p><p>我认为到了这种地步的才能称之为真正意义上的需要脱宅的阿宅。也有一些孩子试着走出一步去接触现实的，可因为性情什么都和普遍意义上的“大众”差得有点多，反而会被觉得是怪人而排挤就更害怕现实世界，更严重地缩回角落。</p><p>所以，也有很多阿宅是因为现实世界的不包容而变得更加严重地宅，而有一些幸运的孩子，因为宿舍里很好的氛围或者身边很好的环境，终于可以一步一步走出原来封闭自我的心态，开始学会接纳他人和这个世界。</p><p>但是脱宅这种事情，单纯地指望他人，也是非常废弱的心态。</p><p>“世界为什么对我就是不好/为什么没人来拉我一把/为什么碰不到能救我出去的人/都是世界不好/我什么都做不到”</p><p>有这样的想法的话必须得全部抛弃掉。就算真的出现了想拉你出去的人，自己没有打开心的话，他也进不去的啊。</p><p><strong>打开心灵，学着去尊重现实世界的规则，多和身边的人交流，也试着理解他们的想法。</strong></p><p>其实，这种话说起来太容易了，但真正试着去做的话，才会知道，改变一种生活方式有多难。</p><p>而且生活还是没有把你逼到那一步，一个交不起网费吃不起饭的人，必然会被逼着走出一步，但到了那一步的话，也是太惨。</p><p>还是一点一点，自己向前走吧，就算会经常摔倒，也总会有一天，终于长大，可以用自己的步子稳健地前进的。</p><p><br></p><p style=""color:#999;font-size:13px;font-style:italic;"">更新时间：2021-01-31</p>",23,https://www.weiwei567.com/addons/mm_las/images/ktfl/ktmr.png
1876,成为VIP会员，可全面解锁所有课程哦！,"<p></p><p>我以前翻译的《白天约会宝典》，里面有一段刚好能回答你这个问题。</p><p>白天约会的美妙之处在于世界就是它的游乐场。你无需在周六深夜去昂贵的夜店，声音压过嘈杂的音乐或者打电话给你一大帮朋友，说服他们和你一起去聚会。白天约会也是结识女性的一种很具灵活性的形式。你可以在上下班途中、午餐休息时，在你办事的时候，在你在一个咖啡厅里用一台笔记本电脑工作时或者在你买东西的时候，和女人聊天。这有着无穷无尽的机会。</p><p>除了有弹性之外，它还能提供多样化的女人。夜店和酒吧倾向于充满那些喜欢出去玩的，喜欢喝酒的或者参加聚会的女人，当然，这会很有趣。但要是你想结识喜欢阅读的，或者喜欢去艺术展览，或喜欢在咖啡厅里和朋友聊天和喝咖啡的女性，又怎样呢？</p><p>能让你找到有魅力的女人的任何地点都是可以的。让我们看一些例子。</p><p><strong>1、街上</strong></p><p>这是我最爱的地点，因为有持续不断的靓女走过。当然，这是在你选择了正确街道的情况下。购物街是最理想的，但是要谨防过于拥挤的时候。</p><p>女人在很多人拥挤的地方会变得更加“紧张”，所以在这些情形下你要等待，直到在她周围有一些空间让她在你搭讪之前可以自然而然停下来。</p><p>同时，要留心人们总是经常进出商店，穿过马路等等，所以当你看到一个想搭讪的女人，你应该迅速采取行动，否则她会突然改变行走的路线，从而可能让你看起来像在跟踪她。在酒吧和夜总会里因为女人们不打算去任何其他地方，所以你不会因为一点点犹豫而出局（但这并不是很好的事情，所以你应该尝试避免它），但是在街头泡妞，你真地需要行动迅速。</p><p><strong>2、商场</strong></p><p>这里总是有大量长得好看的女人，或者是自己单独出来，或者是在一群人中间。在周一到周五的时间里，你在这发现的女人，一般是来观光的游客，无聊的女人或者是不上常日班的女人。这些女人倾向于喜欢冒险，所以你去搭讪她们来促成一些超棒的交谈吧！</p><p>在周末你会在这里发现更多喜欢聚会的女人出来购物或者为晚上出去玩做准备。这些女人也很有趣，而且如果你发现她们计划一般在晚上的话，你一般可以安排一些晚上的有趣见面。</p><p>留心不要在商场呆太长时间和在那里时做太多的搭讪。如果你在商场溜达，同时在一段很短的时间内做了很多次搭讪的话，人们可能会发现，情形会变得尴尬。</p><p><strong>3、书店和音像商店</strong></p><p>商场有大量不同的商店你可以找到乐趣。书店和音像商店是很棒的选择，因为你可以在那里结识和你有相同爱好的女人，并且聊与这些相关的话题。我要补充的一个警告是，在商店搭讪女生必须非常留意你所处的环境。某些商店不利于搭讪（例如，你在女性内衣商店搭讪，就很难说得过去）。同时要留意商店的保安可能会乐意看到你和他们的客人聊天，但不太乐意你对她们所有人搭讪！所以要谨慎，不要去搭讪在商店里每一个你见到的女人。</p><p><strong>4、咖啡店</strong></p><p>你不会在咖啡店里发现大量的靓女，但是你会偶尔发现一个或者一群你想去搭讪的女人。咖啡店同时有一个特点，就是人一般是坐着而不是在移动，因此通常会有更多的时间来聊天或冒险。</p><p>当你有一部手提电脑工作或者有一本书要读的时候，咖啡店同样很棒。如果你从家里出来工作或者你只是想闲坐阅读，为什么不在咖啡店里这样做，而让源源不断地靓女在你坐着的时候经过你的面前呢？</p><p>在咖啡店里我经常在我要么即将离开，要么在她们即将离开的时候去搭讪女人。这样的话，如果事情进展得不好，你也不必再继续坐在她们旁边和感到尴尬。</p><p>如果进展顺利，你就可以在你或者她们离开之前聊上几分钟。</p><p><strong>5、博物馆和艺术画廊</strong></p><p>这些地方不一定有很多靓女经过，但是适合去寻找年龄比较大，或者思维有创造性的女性。同样，同书店和音响商店一样，这些地方容易找到和你有类似爱好的人。</p><p><strong>6、巴士，火车和地铁</strong></p><p>根据你所居住的城市的不同，公共交通搭讪可以是一种很棒的方式，可以在和女人交往方面最大限度运用你时间和机会。要有策略性（Be strategic）。在一些城市（例如，伦敦，纽约，多伦多，旧金山）靓女处出现在地铁或者巴士上很正常。在另外一些城市（例如，洛杉矶，费城或者圣迭戈），就要少一些。</p><p>在公共交通地点搭讪了一些女人之后，你会意识到得这一件事是“有真正的时间限制”。你在她下地铁之前可能只有几站，所以很重要的是，尽早地在交谈里发现她准备去哪，以便你知道行动的时间表，从而可以让你及时地获得和她联络的细节。</p><p><br></p><p style=""color:#999;font-size:13px;font-style:italic;"">更新时间：2021-02-01</p>",23,https://www.weiwei567.com/addons/mm_las/images/ktfl/ktmr.png
1875,成为VIP会员，可全面解锁所有课程哦！,"<p></p><p>基本有以下几个途径：</p><p><strong>1. 班级</strong></p><p>这个只要不是特别内向的女孩子基本过一段时间之后都会多多少少认识班级男同学。而这个可以同通过平时一起上课啊什么的认识。再不行，在班级QQ群里看他们的聊天。</p><p><strong>2. 联谊</strong></p><p>大学之间一般都会有各个班级都会有联谊，这个时候，一般有心思的都会好好表现一下。小小表现下，会有收获呢，不要看轻你自己。</p><p><strong>3. 校团</strong></p><p>进学校之后会加入各种校团。除了自己感兴趣的，还可以加入男生/女生多一点的。唔，如果是大大咧咧的，收敛点吧。</p><p><strong>4. 日常生活</strong></p><p>如果是小美女，也许会被校友什么的半路拦截要号码什么的。别做什么宅女，出去晒晒阳光。</p><p><br></p><p style=""color:#999;font-size:13px;font-style:italic;"">更新时间：2021-01-30</p>",23,https://www.weiwei567.com/addons/mm_las/images/ktfl/ktmr.png
1874,成为VIP会员，可全面解锁所有课程哦！,"<p></p><p>很多男人在酒吧都对跳舞有所恐惧，不敢接近舞池。很多高分妹都会在舞池里起舞，要是仅仅因为你不会跳舞而错失了与她们相遇的机会，岂不是太遗憾了吗？
对会跳舞的兄弟来说，这不是问题，那么其他的哥们呢？</p><p>相信大家都会跟你说：“在舞池中保持自信。”可是这话的意义跟屁一样，放完就没了。让别人自信就像让他即刻长高6厘米，这是不可能实现的，而大家真正需要的却是有效的框架。</p><p>下面给大家分享一种方法，即使舞技不行，仍然能够吸引女孩。很多哥们试过这个方法，只要敢于实践，定会圆满成功。</p><p>挺简单，按照下面几个步骤来：</p><p><strong>1. 到达夜店时，径直去舞池。</strong></p><p>在这过程中跟路过的姑娘进行眼神接触，不过别讲话，最多，点个头、说声“Hi”。</p><p><strong>2. 进入舞池时，用眼睛扫视下那些围圈一起跳舞的女孩，她们在玩“女生之夜”。</strong></p><p>大多数哥们觉得这种圈子不好攻，但其实并不是这样的。</p><p><strong>3. 找到你想打入的圈子，直接穿过人群，跳到她们中间。</strong></p><p>全身心地跳舞，就和其他人一样投入。把手高举过头顶，相信我，这个舞姿绝对能让她们尖叫，因为它传达出你的高能量，女孩会立即提高她们的热情度来配合你。这儿有个注意点，不要老在圈外徘徊。在跳进圈子之前甚至不要让她们看见。跳进之后，你便要立即掌握这个社交圈。</p><p><strong>4. 分别与每个姑娘跳一到两分钟，离开一位姑娘时，坏坏地说：“你被甩了！”</strong></p><p><strong>5. 离开舞池，跟在吧台或舞池附近的女人聊天。</strong>
记住你的目标不是舞池上的女孩，要是舞池上有女孩对你感兴趣，很好！不过你的目标是舞池附近的女孩，这些女孩有时会观看舞池。从远看，似乎刚刚舞池上的女孩都想跟你跳舞，不过，你的能量水平在她们之上，这便营造了强大的吸引。</p><p>你会发现离开舞池后，搭讪变得非常容易。你会从内心里感到愉快，然后你的情绪便很快感染给别人了。有一次，我准备离开酒吧时，一个长得挺帅的男孩突然跑过来跟我说：“Hi！跟那么多女孩跳舞，够行的你！”</p><p>不要害怕成为“焦点人物”。在酒吧这种场合，别的女人感兴趣的男人她定也会感兴趣。她心里会想：“他肯定有过人之处！”</p><p>最后，想象下，在舞池中女人不断围绕在你身边的感觉多刺激，别去管别人怎么想。下了舞池还有那么多女人等着你，所以跳下舞又有什么呢？</p><p><br></p><p style=""color:#999;font-size:13px;font-style:italic;"">更新时间：2021-01-29</p>",23,https://www.weiwei567.com/addons/mm_las/images/ktfl/ktmr.png
1873,成为VIP会员，可全面解锁所有课程哦！,"<p></p><p>问得太泛，我就从丽江切入一下，来聊聊旅行艳遇吧。国内最具代表性的就是丽江，其它地方其实照搬这里的经验就可以。</p><p>在进入正题之前，先分析一下去丽江的女孩和丽江本身特点。</p><p>从丽江回归现实生活后我跟身边很多去过丽江的美女们讨论过丽江，大部分不排斥艳遇。</p><p>提起美女，显然平时生活里就不缺乏想跟她发生关系的各路土豪或屌丝，色眯眯的客户，领导，苦苦追求的同事，同学，跟踪了她2公里想搭讪却不敢出手的猥琐男，陌陌上每天跟她打招呼坚持了3个月的IT男。</p><p>她期待的显然不是生理上的只发生一次关系，而是一段唯美，情节可以写成小说拍成电影的艳遇。</p><p>所谓电影情节：童话故事，王子与公主浪漫，惊喜，一下看对眼。</p><p>美女们虽然有期待，但显然对男人有自己的标准。</p><p>从而对于能否在这遇到心动帅哥持怀疑态度，她们的窗口有，但也许是微开或半开的，不是像某些兄弟们的窗口提前开了好久哈。</p><p>希望用你帅气的打扮，惊喜的态度，优雅的举止，加上你自己的方法和我的分享，扇动她们本来微开的窗口，变成全开~~！</p><p><strong> 约会模型--谈话内容</strong></p><p>从相识到成功艳遇，就我自己的流程归纳下。希望给期待的丽江兄弟们一个简单明了的思路，让你迅速掌握。</p><p>从话题内容分三个阶段。</p><p><strong>1. 初识搭讪到进入约会流程</strong></p><p>最开始是聊文艺聊旅游捎带着一点信息交换，通过这个阶段建立起熟悉感舒适感和隐含的DHV。</p><p>这个阶段聊的内容只是一方面，因为大家邂逅在浪漫的都市，在旅途中所以话题很自然的开始容易放在旅游中。</p><p>可以聊聊丽江周边的各个云南其它景点，更可以聊聊自己以前去过哪（隐藏品味和高价值展示），并说说感受，意思是你本来就超喜欢旅行丽江只是一站就很自然。</p><p>然后说说自己来自哪女孩来自哪，各自那有哪些文化。</p><p>然后聊文艺音乐电影书等等都是不错的话题。</p><p>而此时聊啥只是一方面，说白了就是给本来就互相有点来电的男女一些初步交流。</p><p>在丽江这个以艳遇为主题的地方，男女只要彼此来电，情绪够高，就是聊工作都不会影响张力！</p><p>只要俩个人有感觉，来电，聊啥感觉都会很舒服，甚至滔滔不绝，彼此相见恨晚。</p><p><strong>2. 讲浪漫故事</strong></p><p>第一阶段彼此只要感觉很好就没要过多去聊那些常规话题，而是话题导向围绕你们的目的：艳遇。</p><p>这时就要发挥你讲故事的能力，讲一艳遇故事：</p><p>就说昨晚，你一起来丽江的兄弟昨晚有了艳遇，大家起哄然后宅男眉飞色舞讲了起来——</p><p>故事要点如下：</p><p>1) 发生在你身边，你IT宅男哥们的艳遇故事（连理工宅男都邂逅了浪漫故事）</p><p>2) 就发生在昨天，余热还在</p><p>3) 情节具体化</p><p>4) 把故事中的画面具体化
比如艳遇故事里男女主角一起去一米阳光，一起放河灯，一起去玉龙雪山。给女孩浪漫遐想和期待。</p><p>5) 有情有义，宅男的艳遇故事结束但是跟女孩的姻缘却不是赤裸裸的只发生一次关系。</p><p>人走了微信电话还在聊的火热，给以后一点点遐想空间。</p><p>6) 彼此很快离开，语气里透露着对丽江的不舍，对宅男艳遇的羡慕</p><p>说完故事眼神深情对视，接吻。</p><p>然后说自己客栈很有特点，狗狗好玩等借口带走。</p><p><strong>3. 转场客栈路上的互动</strong></p><p>配合第一个阶段DHV后，经过第二个阶段故事升温，这时可以讲点敏感面故事，童年理想，现实生活中的不满等。</p><p>然后带到客栈，搞定没问题。</p><p>注意事项:</p><p>第一个阶段彼此之间的感觉很大程度上已经决定了艳遇是否成功。</p><p>所谓一见钟情，四目相对，火光四溅。</p><p>第二阶段的故事可长可短、女生越是清纯浪漫，故事可以放长细节更多一些。</p><p>在实战经历中我可以把我艳遇的女孩分为两种：年轻美女和风情女（熟女）。</p><p>两种女孩我用24岁做一个模糊的分界线。</p><p><strong>1), 年轻美女</strong></p><p>年轻貌美，清纯可爱，文艺有情调</p><p>丽江高分美女大部分属于这一类，直接复制我的以上方法。</p><p><strong>2), 风情美女</strong></p><p>我的实战经历偏偏出现了另外一种美女，和清纯浪漫不沾边。</p><p>偶遇动情打动不了她们，也许在她们的字典里艳遇就是找个帅哥直接床上战。</p><p>她们妩媚风情有韵味，阅人无数一眼看破红尘。跟她讲浪漫的故事她会嗤之以鼻：你不就是想泡老娘，辛辛苦苦讲一堆故事犯得着吗！不如直接点少TM绕弯子。</p><p>所以应对这类女孩的方法：故事风格不是浪漫，而是情趣，故事很短不要长点到为止。</p><p>聊天内容幽默，调情甚至骚气为主。</p><p>直接配合肢体进挪，带走。</p><p>这类美女往往床上功夫非常了得！</p><p>往往从认识到发生亲密关系流程非常快！</p><p><strong> 如何拆组合</strong></p><p>没有僚机的情况下如何单枪匹马玩转丽江？</p><p>本人2次丽江行都是自己一个人说走就走的旅行。</p><p>实战过程中发现我的目标女孩大部分在组合里，一度让我头疼，但一个人玩其实挺好。</p><p>僚机配合麻烦不说，大老远转飞机来到这，难道就是为了为了僚机顺利大量牺牲自己宝贵时间去HOLD一个自己不喜欢的妹子？</p><p>或者两三个僚机能不能顺利搞定各自障碍也值得商榷。</p><p>所以在这里过多讲究配合，是种资源浪费！</p><p>（除非你跟你的僚机口味随和不挑女生）</p><p>好在这种平时常用的GAME路线在丽江，并不是必须的。</p><p>实战中我摸索出一套独特的适用于丽江的拆分组合方法，现在分享于大家：</p><p>按我的方法操作在这里你直接就去找自己喜欢的妹子就好！</p><p><strong>1. 如何拆二人组</strong></p><p>遇到两人组，直接跟两人组即时约会，搭讪时先确定目标让障碍知道你喜欢她闺密。</p><p>然后跟两人边走边聊，跟两人聊天的比例是目标六，障碍四。</p><p>主要跟目标享受彼此喜欢的互动过程，同时不忽略障碍。</p><p>但内心要去感受目标对你的兴趣度，IOI高是非常容易感觉的到！</p><p>对障碍也非常友好像老朋友一样。</p><p>然后逛街时可以是边走便聊，便逛店，边拍照。这跟两人走上一会时间不长不短，可能15分钟左右，转场。</p><p>我都是说附近有个开在大树上的饮品店那里有丽江最棒的鲜榨果汁，咱去坐歇会吧！于是带目标和障碍过去坐。</p><p>那的饮品很大杯口感极佳，单价大约25元左右杯子好看上还浮动很大块果肉，三种水果随便混搭，再加上冰块，说到这我都想回去喝！</p><p>这对于气候异常干燥的丽江女生一般会很喜欢在这喝东西。</p><p>坐下来继续和两人互动。坐上一会，时间也不需要太久。</p><p>这时障碍早已意识到，你喜欢她闺蜜，直接对障碍说：“亲，能否求你个事？”</p><p>“我看到你闺蜜感觉不错，我想邀她单独逛一逛，可以么？”</p><p>此话一说气氛难免很尴尬。</p><p>这意味着障碍暂时落单，但基于以下原因：</p><p>第一、你和目标互相喜欢</p><p>第二、你跟障碍也聊的不错，真诚而无忽略</p><p>第三、你请她俩喝东西她还小欠你个人情</p><p>所以此时障碍大部分不好很直接的不配合你，而这时目标往往纠结，一面喜欢我愿意和我独处，另外面子上很不忍心闺蜜落单，所以女孩要么不表态做沉思状，要么会说要跟姐妹在一起，但表情纠结，也有的目标自己做主，会直接撇下障碍跟我来（我喜欢这样的女孩）。</p><p>在我实战经历中这时遇到过这么几种情况：</p><p><strong>（1）障碍不主张</strong></p><p>障碍说这事我做不了主，我也不管你得跟我闺蜜定。在这里理解一下障碍，毕竟彼此是陌生人，障碍不轻易同意，因为姐妹一起出门在外还是有义务互相照顾，目标如果有了人身安全，障碍还有责任。</p><p>所以障碍不主张基本等于默许加免则声明，所以这时你强势一点跟目标说你明天就要走了，然后跟两人来个时间限制，逛完就把目标完璧归赵。基本OK。</p><p><strong>（2）障碍很给力</strong></p><p>有一次一对双人组目标高分，障碍分也不错，有一次是一个很含蓄矜持的目标说要陪姐妹，嘴上一直要说的陪姐妹，我觉得自己都快没戏了，但我和障碍都看得出她对我很有好感，障碍答应了我对目标说：你跟他去吧玩开心点。把她推给了我，障碍推她时我看到了障碍脸上得无比尴尬和纠结。</p><p>现在想起这样的障碍真是比给我做僚机还亲，也很感动！钦佩一个素不相识的女孩把她闺蜜在异乡让给一个陌生人的勇气。</p><p><strong>(3) 障碍不给力</strong></p><p>不给力的障碍也不会太直接或者不礼貌拒绝，鉴于你刚才对障碍也很不错，总也放不下面子对我太不好但障碍会说就我自己逛太无聊。</p><p>这时只能对她说：“我挺喜欢她闺蜜，丽江这里我也期待这里一段浪漫邂逅没想到这次总算遇到了，我和你闺蜜彼此印象不错，自己却是丽江最后一天。我不想错过，晚点我送她回你们客栈。”</p><p>障碍再不同意，我就说：“丽江最适合一个人来有个恬静的心情，你也是个漂亮的女生你如果自己走一走会有很多帅哥看上你这不挺好吗！你们如果总是俩女生人家帅哥也插不上话……再说你俩那么好的闺蜜总在一起也不在乎这一时没一起。”</p><p>（这些话是在开导障碍的同时也不可避免的将气氛引向尴尬）</p><p>再不同意就加上一句晚上请她们吃饭。</p><p>气氛更尴尬的同时，障碍自己也会有愧疚感（耽误目标有段故事）。</p><p>利用尴尬的气氛反而能达到你的目的，因为女生怕尴尬。</p><p>所以这时纠结的障碍可能会动摇把目标给我。</p><p>这种方法成功率我不保证百分之百，但你只要操作的坦诚有礼貌，两女的素质和修养不太差，成功率还是很高的！</p><p>（两人组的形式除了当场邀约双人组，也可能是你收号邀约时目标女孩带着障碍来赴约）</p><p>我一般从不见要带闺蜜来的，可后来见了一次是因为女孩没提前通知我要带闺蜜，结果闺蜜来了，我就用同样的方法成功分离了障碍。</p><p>但是就女孩带闺蜜赴约见与不见，我的建议是如果女生不错，可以考虑见组合，当然肤浅一点思维惯性想带闺蜜来蹭饭的打工妹就算，毕竟茫茫人海中的女孩你不会每个都喜欢，你极喜欢的还是少数和有限的。</p><p><strong>2. 如何拆三人以上组合</strong></p><p>操作流程和两人组一样。</p><p>与多人人约会转场喝东西时跟障碍们提出要单独约目标，这里假若目标跟我走，几个障碍依然可以相互为伴，所以相对于两人组反而容易约出目标。</p><p>我最多一次就带了4个女孩来喝东西，坐下后我跟目标聊的很多，反而是3个障碍聊的欢我插不上话，刚好于是顺利分离出目标。</p><p>障碍们自己也是来旅游本身要逛，况且就是走散了因为古城不大，再集合也容易，离开的成本低，况且障碍若不是太丑自己也期待艳遇哈哈！</p><p>所以障碍的离开会比现实生活中的女孩带障碍容易分离。</p><p>以上是详细操作贴，互动过程是我个人经验总结的浓缩流程。</p><p>当然不必完全照搬。</p><p>话题上以你所长，每个人的风格都不同，有自己特点就好！</p><p>拆组合上你可以完全沿用我的方法很实用。
 </p><p><br></p><p style=""color:#999;font-size:13px;font-style:italic;"">更新时间：2021-02-02</p>",23,https://www.weiwei567.com/addons/mm_las/images/ktfl/ktmr.png
1872,成为VIP会员，可全面解锁所有课程哦！,"<p></p><p>我以前不常出去玩，但是现在变得特别喜欢社交活动。七年之前，我周末的晚上一般都是蹲家里玩魔兽世界。现在，几乎每天我都会和朋友们一起出去浪。在发展社交圈子的过程中，我一直尝试找出电话游戏的诀窍。</p><p>遇到的问题之一，就是怎么把大家约出来参加我搞的活动。我的日程中有很多有创意的活动可以搞，但是要把我生活圈子当中不断出现的姑娘们和朋友们组织起来，让他们在同一时间都到同一个地方去是一件很麻烦的事。</p><p>比如说，向一大批人群发微信/短信，在手机里面建立分组发送列表，以及通过社交媒体向大范围人群传递信息的能力，让我在邀约女孩子的方式上有不少选择。</p><p>不幸的是，我很快便发现不管是约很多朋友晚上一起出来玩儿，去参加一个聚会，还是搞其它任何社交活动，群发信息都不是一个非常有效的办法。</p><p>把不同类型的联系人放在不同的列表里方便给他们发短信，或者仅仅是给十几个人同时发送同样的信息，这些做法都会让人看起来觉得效率更高，但是我发现这样做连得到回复的机会都大大减少，就更不用说让一大堆人都来了。</p><p>虽然这样确实可以为我节省不少时间、精力，但经过这些失败经历，我认识到依靠科技手段把活动邀请发出去实际上是非常低效的。</p><p><strong>一、一对一的邀请</strong></p><p>通过不断的尝试、失败以及对别人的观察，一对一的邀请是目前为止我发现邀约大家都来参加活动的最好方法。实际上这才符合常理。</p><p>如果你想邀请别人，理想的方式是打电话约他们出来而不是发短信。在这方面打电话相比发短信有很大的优势，你的热情会很容易通过声音表现出来，这会让你的邀请对象受到感染从而增加他们参与活动的倾向。</p><p>对于大部分人来说，在通话时想出一个搪塞的借口要比短信困难得多。打电话时对方正激动地向你描述他白天或晚上要搞的活动将会怎样怎样的情况下要说出一个拒绝理由会感觉比较困难，而一条短信（尤其是那种一眼就看得出是同时向很多人发出的批量短信）会很轻易地就被人们忽略掉了。</p><p>通过电话邀请会省去被邀请人的很多麻烦，这也意味着会有更多的人来参加你的活动。如果你群发一条类似这样内容的短信：＂大家伙注意啦！我们晚上到不老街吃寿司，有没有人一块儿去？＂然后那些有兴趣的朋友得给你回短信问清楚细节，象＂在哪儿啊？＂，＂什么时候到那里？＂，＂还有什么人会去？＂等等诸如此类的问题。</p><p>然后你得再把这些内容回复给他们，然后他们可能还需要知道更多的内容，要反反复复经过好几个回合才能让他们把有关“什么人、干什么、什么地方、什么时间以及活动的缘由和活动会怎样进行”的全部内容都搞明白。</p><p>但是打一个电话你就可以把这一切全部搞定，解除被邀请人的任何疑问并最大程度地减少了他们还没有决定是否要去之前需要投入的精力。</p><p><strong>二、不得不发短信的时候</strong></p><p>有时候你不得不发短信，但这并不是说你就可以偷懒，给每一个不能直接打电话的人都发一个批产的短信。发短信是我在知道对方不会接我电话，或者他们当时所处的环境不方便接电话时，采取的替代方式。</p><p>比如说，如果我知道一个女孩儿可能还在上班但是我又想把晚上的计划告诉她，那显然我会给她发短信让她在不忙的时候或者下了班再回电话给我，这是出于良好的社交常识的自然反应。</p><p>除非你是一个推销员，而且是在给成千上百的人发送宣传信息。如果你不是，而是想通过发短信的方式邀请别人出来，那你就应该尽力向邀请对象发出有针对性的消息。</p><p>在短信开头加上被邀请人的名字、绰号，甚至是用你们第一次见面时发生的事情开一些无伤大雅的玩笑。</p><p>比起一条明显的量产短信，人们对一个专门邀请作出回应的可能性要大很多。</p><p>人们愿意去感受你想让他们来参加这个活动的心情；他们想知道，虽然挺忙，但你还是抽出了几秒钟专门向他们发出了个人邀请，请他们跟你一起出去玩儿，即便你们要去干的不过是一帮人在“鸡翅狂欢夜”的晚上到街上去喝啤酒。你觉得为什么那么多营销性的电子邮件会把你的名字写在里面呢？</p><p>就是因为这样会使邮件看起来显得更有亲和力，就像是专门针对你个人发出的一样，而不是同时发给了数据库中成千上万的邮件地址。</p><p>也有些时候，在你直接向一个女孩儿发出邀请或通过电话邀请之后，再通过短信去提醒她是很有效的举措。</p><p>想象一下你约了一个女生和你的朋友一起去一连串的酒吧喝酒，你已经无比兴奋地告诉了她你所有的想法，你们会穿着高档的套装和短裙，到那些奢华的私人酒吧喝顶级名酒，你的朋友甚至有机会告诉她他们身上穿着的各种奇怪衣服都有什么名堂，你可能还扮演了一下你们俩个缓步走进去时的场景，就像走在红地毯上一样，从一些嬉皮做派的侍者那里叫上一杯马提尼，还互相叫着“亲爱的”。</p><p>到了活动那一天，你应该通过短信给她一个小小的提醒，比如“亲爱的，我们晚上十点在三里屯见面，从那里开始我们美妙的畅饮之旅。
一定要记得穿上你那些漂亮衣服，那里说不定会有狗仔队出现呢！”这样不仅能帮助她回忆起当初答应体验一下这样荒唐的酒吧之旅时心中涌动的激动，而且确定了她到时候一定会到场。</p><p><strong>三、在社交网站上发起活动</strong></p><p>从群发短信中得出的道理，通过社交网站（比如微博、豆瓣、人人）给一大群人发消息时也同样适用。你有没有过这样的经历，在豆瓣上发布了一个活动，还加上很有创意的标题、介绍以及图片，邀请了好几百人来参加，可最终只有十几个人非常简练地回复了一个字“去”，其他400来人甚至连个泡都没冒一下？ 反正我是有的。</p><p>现在，在乐队、俱乐部、表演艺术家、募捐者和特别兴趣团体之中，许多活跃的公众人物每个月在豆瓣上都会收到几百条邀请，其中大部分都不会被查看。我的意思是，我一个男的在豆瓣上每天还要收到至少一条邀请。</p><p>想象一下如果是一个被无数人围绕的火辣美女会怎么样！我认识一些女孩儿，她们经常会有几百条未读的来自各种组织、活动或其它各种邀请的豆瓣消息。对于她们来说这些邀请实在是无法顾及，所以干脆就连看也不看了。</p><p>所以，你在豆瓣上发的活动邀请有这么大一部分人从来都没有回应，这真的很奇怪吗？</p><p>当然，我并不是说不要再到网上去发布活动了。我只是说不要单纯地依靠它，而且以为只要这样就会有很多人来参加你搞的聚会了。</p><p>确保所有信息（包括日期和时间、地点、所有详细安排以及一些特殊要求）能够让你所有的邀请对象都能很容易的看到还是很有用的，你必须确保他们先知道这件事。</p><p>这再次解释了为什么一对一发出的邀请作用会这么强大。如果你有对方的电话号码或者可以见到其本人，那么在谈话的过程中提起这件事并单独向他们每个人提出邀请。</p><p>很多时候，人们会说他们看到了那条消息，但还没来得及回复。很多人甚至会感觉有些愧疚并且向你道歉。你可以开玩笑说在这方面你和他们一样，你有几百条邀请但却没有时间一一回复，你把它放在上面真的只是为了让大家都能了解所有的细节内容。</p><p>科技提供给我们的工具在一些特定情况下会是有用的。短信息能够确保每个人很快得到有关你们讨论过的计划的实时变化。</p><p>豆瓣活动让你有了一个发布信息的地方，从那里每个人都能找到有关你的活动、聚会、公路旅行或者是其它任何事情的所有细节内容。</p><p>但是，归根结底，在让更多的朋友和美女参加你的冒险旅程时，没有什么能够比得上一个专门针对个人发出的，充满热情的邀请-理想情况是面对面，如果条件不具备通过电话也不错。</p><p><br></p><p style=""color:#999;font-size:13px;font-style:italic;"">更新时间：2021-01-29</p>",23,https://www.weiwei567.com/addons/mm_las/images/ktfl/ktmr.png
1871,成为VIP会员，可全面解锁所有课程哦！,"<p></p><p>夜店，是一个城市中相对能量较高的地方，无论是去搭讪陌生女孩还是与已经相识的女孩调情，夜场总是一个不错的选择。虽然相较于日常场景而言在夜店把妹的成功率会高出许多，但是这并不代表只要你去了夜店随便喝杯酒跳一会儿舞就能把到妹。 在去夜店前，该准备什么？</p><p></p><p><strong>1. 选择适合自己夜店。</strong></p><p></p><p>这里的“适合自己”分为两个方面：</p><p></p><p><strong>一是夜店风格适合自己的社交方式。</strong></p><p></p><p>比如工体的夜店比较适合朋友聚会，一起合作Pick Up；而国贸的夜店则私密性更高，适合带女孩去进一步建立亲密感。 不同地区的夜店有其各自相对明显的风格，我们做不到去改变夜店整体氛围，所以一定要选择好适合自己社交方式的主场进行活动。</p><p></p><p><strong>二是夜店的女性受众适合自己的选择。</strong></p><p></p><p>与夜店风格相对应，不同地区的受众群体也不同，比如大蜜范儿的高分妹多在工体的夜店，而要约学生妹则应该去五道口。</p><p></p><p><strong>2. 提前了解各大夜店近期的主题活动。</strong></p><p></p><p>在如今社交平台日新月异的今天，但凡像样点的夜店都会有其公共微信或者官方微博，可以通过这些方式了解到最新的夜店活动。 一家夜店的名气不仅仅靠它日常上座率来判断，也靠它的一些主题活动来积累。提前了解不同夜店的活动，选择最适合自己的参加。 当然在去之前你需要做一些工作，比如对于制服趴就需要对当天穿制服参加，而荧光Party当然少不了荧光棒和激光小饰品。这些准备工作即使不能让你成为焦点人物，但是至少不会让你当众出丑，毕竟好的“装备”是可以提高“战斗力”的。 在夜店把妹，需要注意细节！</p><p></p><p><strong>3. 开口前不要犹豫。</strong></p><p></p><p>在我看来，在搭讪女孩前犹豫不决绝对是夜店的大忌。 想要吸引高分妹从来都不是那么容易的，而通常大多数高分女人都有一点“贱”，她们根本不需要你的故意讨好，而更喜欢被征服。 试想，你在搭讪一个高分妹之前在她面前踌躇不前、眼神游离，但凡这个女人有点智商，她都知道你的目的了。那么，作为一个高分妹，她会搭理一个连搭讪自己都犹豫的人吗？</p><p></p><p><strong>4. 选择一至两款适合自己的鸡尾酒。</strong></p><p></p><p>通常线下活动都是集体行动，一群人在夜店里当然不适合点一桌鸡尾酒。但是这并不排除你哪天心血来潮，想要单独猎艳，自己一个人在卡座开一瓶酒这样太容易暴露需求感，所以一个人去夜店的时候我更建议点鸡尾酒。 每家夜店的鸡尾酒当然不尽相同，但是有一些经典是任何一家夜店都会有的。我最钟情的是玛格丽特，不仅因为它的那个凄美爱情故事，也是因为它是我喝过的第一种鸡尾酒，而且恰好口感不错。大多数鸡尾酒背后都有一段故事，由此展开你与女孩间的话题，由酒及人，何愁没有谈资。</p><p></p><p><strong>5. 在舞池里把跳舞作为首要目的。</strong></p><p></p><p>相信有很多人带女孩去舞池跳舞的首要目的是为了Kino升级吧。的确，相较于整体环境，舞池可以算作夜店能量最高的地方。但是如果你转场舞池的目的只是为了单纯的Kiss或者Kino升级等等，那就实在辜负这个地方了。 在我看来，去舞池跳舞最终目的是为了调动女孩的情绪升级。</p><p></p><p>女人通常更偏于感性，所以对情绪的需求更强。你想调动女生的情绪，首先自己就要有一个积极的情绪，所以，在舞池请全情投入地舞蹈，并由此带动你的目标。相信我，正能量会传染的。 </p><p><br></p><p style=""color:#999;font-size:13px;font-style:italic;"">更新时间：2021-01-31</p>",23,https://www.weiwei567.com/addons/mm_las/images/ktfl/ktmr.png
